detected_at,company,title,location,flags,url
2026-08-16T23:36:59.191218+00:00,Databricks,Product Management Intern (Summer 2027),"Bellevue, Washington; Mountain View, California; San Francisco, California",,https://databricks.com/company/careers/open-positions/job?gh_jid=6883068002
2026-08-16T23:36:59.191218+00:00,Figma,Software Engineer Intern (Winter 2027),"San Francisco, CA • New York, NY",,https://boards.greenhouse.io/figma/jobs/6131089004?gh_jid=6131089004
2026-08-16T23:36:59.191218+00:00,Robinhood,Customer Experience Associate (New Grad),"Westlake, TX",,https://boards.greenhouse.io/robinhood/jobs/8122623?t=gh_src=&gh_jid=8122623
2026-08-19T13:00:01.856362+00:00,NVIDIA,NVIDIA 2027 Internships: Software Engineering,"US, CA, Santa Clara",❓ no description,https://nvidia.wd5.myworkdayjobs.com/en-US/NVIDIAExternalCareerSite/job/US-CA-Santa-Clara/NVIDIA-2027-Internships--Software-Engineering_JR2023495
2026-08-19T13:00:01.856362+00:00,NVIDIA,NVIDIA 2027 Internships: Systems Software Engineering,"US, CA, Santa Clara",❓ no description,https://nvidia.wd5.myworkdayjobs.com/en-US/NVIDIAExternalCareerSite/job/US-CA-Santa-Clara/NVIDIA-2027-Internships--Systems-Software-Engineering_JR2023492
2026-08-19T13:00:01.856362+00:00,NVIDIA,NVIDIA Spring 2027 Internships: Developer and Performance Technology,"US, CA, Santa Clara",❓ no description,https://nvidia.wd5.myworkdayjobs.com/en-US/NVIDIAExternalCareerSite/job/US-CA-Santa-Clara/NVIDIA-Spring-2027-Internships--Developer-and-Performance-Technology_JR2023499
2026-08-19T19:32:43.889678+00:00,Point72,2027 Cubist Quant Academy – Developers,New York,,https://boards.greenhouse.io/point72/jobs/7598678002?gh_jid=7598678002
2026-08-20T23:44:58.977654+00:00,Databricks,Software Engineering Intern (2027 Start) - Winter,"Bellevue, Washington; Mountain View, California; San Francisco, California",,https://databricks.com/company/careers/open-positions/job?gh_jid=8732364002
2026-08-21T21:58:55.600544+00:00,NVIDIA,"Research Engineer, Interactive World Models - New College Grad 2026","US, CA, Santa Clara",❓ no description,https://nvidia.wd5.myworkdayjobs.com/en-US/NVIDIAExternalCareerSite/job/US-CA-Santa-Clara/Research-Engineer--Interactive-World-Models---New-College-Grad-2026_JR2023950
2026-08-21T23:00:06.802987+00:00,NVIDIA,Architecture Energy Modeling Engineer - New College Grad 2026,"US, CA, Santa Clara",❓ no description,https://nvidia.wd5.myworkdayjobs.com/en-US/NVIDIAExternalCareerSite/job/US-CA-Santa-Clara/Architecture-Energy-Modeling-Engineer---New-College-Grad-2026_JR2023398
2026-08-25T01:23:51.858274+00:00,NVIDIA,"Technical Product Marketing Engineer, Metropolis - New College Grad 2026","US, CA, Santa Clara",❓ no description,https://nvidia.wd5.myworkdayjobs.com/en-US/NVIDIAExternalCareerSite/job/US-CA-Santa-Clara/Technical-Product-Marketing-Engineer--Metropolis---New-College-Grad-2026_JR2022906-1
2026-08-25T19:50:01.799691+00:00,NVIDIA,Cell Modeling and Verification Engineer - New College Grad 2026,"US, CA, Santa Clara",❓ no description,https://nvidia.wd5.myworkdayjobs.com/en-US/NVIDIAExternalCareerSite/job/US-CA-Santa-Clara/Cell-Modelling-and-Verification-Engineer---New-College-Grad-2026_JR2011631
2026-08-27T22:10:06.711584+00:00,NVIDIA,"Compiler Engineer, Backend- New College Grad 2026","US, CA, Santa Clara",❓ no description,https://nvidia.wd5.myworkdayjobs.com/en-US/NVIDIAExternalCareerSite/job/US-CA-Santa-Clara/Compiler-Engineer--Backend--New-College-Grad-2026_JR2017290
2026-09-01T00:31:57.650347+00:00,Stripe,"Software Engineer, New Grad","San Francisco, Seattle, New York",,https://stripe.com/jobs/search?gh_jid=8128744
2026-09-02T03:37:04.231089+00:00,NVIDIA,Applied Systems Engineering Rotation Engineer - New College Graduate 2026,"US, CA, Santa Clara",❓ no description,https://nvidia.wd5.myworkdayjobs.com/en-US/NVIDIAExternalCareerSite/job/US-CA-Santa-Clara/Applied-Systems-Engineering-Rotation-Engineer---New-College-Graduate-2026_JR2024713
2026-09-03T16:17:00.509792+00:00,Waymo,"2027 Summer Intern, BS, SysEng Software Engineer","Mountain View, California, USA ",,https://careers.withwaymo.com/jobs?gh_jid=8174099
2026-09-03T17:53:00.945963+00:00,Arista Networks,Advisory Systems Engineer - NYC,"New York, us",❓ no description,https://api.smartrecruiters.com/v1/companies/aristanetworks/postings/744000140705799
2026-09-03T17:53:00.945963+00:00,Arista Networks,Advisory/ Resident Systems Engineer - (Mandarin required),"San Jose, us",❓ no description,https://api.smartrecruiters.com/v1/companies/aristanetworks/postings/744000130221863
2026-09-03T17:53:00.945963+00:00,Arista Networks,BIOS Software Engineer,"Nashua, us",❓ no description,https://api.smartrecruiters.com/v1/companies/aristanetworks/postings/744000136210390
2026-09-03T17:53:00.945963+00:00,Arista Networks,BIOS Software Engineer,"Vancouver, ca",❓ no description,https://api.smartrecruiters.com/v1/companies/aristanetworks/postings/744000120036637
2026-09-03T17:53:00.945963+00:00,Arista Networks,BIOS Software Engineer,"Austin, us",❓ no description,https://api.smartrecruiters.com/v1/companies/aristanetworks/postings/744000119389508
2026-09-03T17:53:00.945963+00:00,Arista Networks,BIOS Software Engineer,"Santa Clara, us",❓ no description,https://api.smartrecruiters.com/v1/companies/aristanetworks/postings/744000119391376
2026-09-03T17:53:00.945963+00:00,Arista Networks,Cloud Engineer,"Vancouver, ca",❓ no description,https://api.smartrecruiters.com/v1/companies/aristanetworks/postings/744000141531419
2026-09-03T17:53:00.945963+00:00,Arista Networks,Diagnostics Software Engineer,"Nashua, us",❓ no description,https://api.smartrecruiters.com/v1/companies/aristanetworks/postings/744000129323999
2026-09-03T17:53:00.945963+00:00,Arista Networks,Diagnostics Software Engineer,"Santa Clara, us",❓ no description,https://api.smartrecruiters.com/v1/companies/aristanetworks/postings/744000120765457
2026-09-03T17:53:00.945963+00:00,Arista Networks,FPGA Design Engineer - Poland,"Poland - Remote, pl",❓ no description,https://api.smartrecruiters.com/v1/companies/aristanetworks/postings/744000120368501
2026-09-03T17:53:00.945963+00:00,Arista Networks,FedRAMP Site Reliability Engineer (FedSRE) - CloudVision,"Remote, us",❓ no description,https://api.smartrecruiters.com/v1/companies/aristanetworks/postings/744000095464732
2026-09-03T17:53:00.945963+00:00,Arista Networks,Full Stack Application Developer,"Cary, us",❓ no description,https://api.smartrecruiters.com/v1/companies/aristanetworks/postings/744000128632704
2026-09-03T17:53:00.945963+00:00,Arista Networks,Intern Software Engineers - C/C++,"Poland - Remote, pl",❓ no description,https://api.smartrecruiters.com/v1/companies/aristanetworks/postings/744000145998379
2026-09-03T17:53:00.945963+00:00,Arista Networks,Linux Kernel Software Engineer,"Nashua, us",❓ no description,https://api.smartrecruiters.com/v1/companies/aristanetworks/postings/744000136211787
2026-09-03T17:53:00.945963+00:00,Arista Networks,Linux Kernel Software Engineer,"Austin, us",❓ no description,https://api.smartrecruiters.com/v1/companies/aristanetworks/postings/744000119379088
2026-09-03T17:53:00.945963+00:00,Arista Networks,Linux Kernel Software Engineer,"Santa Clara, us",❓ no description,https://api.smartrecruiters.com/v1/companies/aristanetworks/postings/744000119379037
2026-09-03T17:53:00.945963+00:00,Arista Networks,Network Systems Engineer (Pre Sales) - Trading Platforms,"Chicago, us",❓ no description,https://api.smartrecruiters.com/v1/companies/aristanetworks/postings/744000145311011
2026-09-03T17:53:00.945963+00:00,Arista Networks,Network Systems Engineer (Pre-Sales),"Houston, us",❓ no description,https://api.smartrecruiters.com/v1/companies/aristanetworks/postings/744000141514964
2026-09-03T17:53:00.945963+00:00,Arista Networks,Network Systems Engineer (Pre-Sales) - NYC,"New York, us",❓ no description,https://api.smartrecruiters.com/v1/companies/aristanetworks/postings/744000143561439
2026-09-03T17:53:00.945963+00:00,Arista Networks,Optics Software Engineer Lead,"Santa Clara, us",❓ no description,https://api.smartrecruiters.com/v1/companies/aristanetworks/postings/744000134006953
2026-09-03T17:53:00.945963+00:00,Arista Networks,PCIe Software Engineer,"Nashua, us",❓ no description,https://api.smartrecruiters.com/v1/companies/aristanetworks/postings/744000136289799
2026-09-03T17:53:00.945963+00:00,Arista Networks,PCIe Software Engineer,"Vancouver, ca",❓ no description,https://api.smartrecruiters.com/v1/companies/aristanetworks/postings/744000122557787
2026-09-03T17:53:00.945963+00:00,Arista Networks,PCIe Software Engineer,"Austin, us",❓ no description,https://api.smartrecruiters.com/v1/companies/aristanetworks/postings/744000122124136
2026-09-03T17:53:00.945963+00:00,Arista Networks,PCIe Software Engineer,"Santa Clara, us",❓ no description,https://api.smartrecruiters.com/v1/companies/aristanetworks/postings/744000122122337
2026-09-03T17:53:00.945963+00:00,Arista Networks,Site Reliability Engineer (SRE/ DevOps) - Engineering Productivity,"Poland - Remote, pl",❓ no description,https://api.smartrecruiters.com/v1/companies/aristanetworks/postings/744000139028051
2026-09-03T17:53:00.945963+00:00,Arista Networks,Software Engineer,"Vancouver, ca",❓ no description,https://api.smartrecruiters.com/v1/companies/aristanetworks/postings/744000120036119
2026-09-03T17:53:00.945963+00:00,Arista Networks,Software Engineer ,"Poland - Remote, pl",❓ no description,https://api.smartrecruiters.com/v1/companies/aristanetworks/postings/744000136864309
2026-09-03T17:53:00.945963+00:00,Arista Networks,Software Engineer (Packet Forwarding Engines),"Vancouver, ca",❓ no description,https://api.smartrecruiters.com/v1/companies/aristanetworks/postings/744000120037747
2026-09-03T17:53:00.945963+00:00,Arista Networks,Software Engineer - Linux Kernel,"Poland - Remote, pl",❓ no description,https://api.smartrecruiters.com/v1/companies/aristanetworks/postings/744000125812964
2026-09-03T17:53:00.945963+00:00,Arista Networks,Software Engineer - SONiC,"Vancouver, ca",❓ no description,https://api.smartrecruiters.com/v1/companies/aristanetworks/postings/744000120037097
2026-09-03T17:53:00.945963+00:00,Arista Networks,Software Engineer Cloud EOS Team (Poland/Romania/Hungary/Greece),"Remote, ie",❓ no description,https://api.smartrecruiters.com/v1/companies/aristanetworks/postings/744000050199285
2026-09-03T17:53:00.945963+00:00,Arista Networks,"Software Engineer, Layer1","Poland - Remote, pl",❓ no description,https://api.smartrecruiters.com/v1/companies/aristanetworks/postings/744000142622720
2026-09-03T17:53:00.945963+00:00,Arista Networks,"Software Engineer, Layer1","Nashua, us",❓ no description,https://api.smartrecruiters.com/v1/companies/aristanetworks/postings/744000136210329
2026-09-03T17:53:00.945963+00:00,Arista Networks,"Software Engineer, Layer1","Vancouver, ca",❓ no description,https://api.smartrecruiters.com/v1/companies/aristanetworks/postings/744000127704964
2026-09-03T17:53:00.945963+00:00,Arista Networks,"Software Engineer, Layer1","Santa Clara, us",❓ no description,https://api.smartrecruiters.com/v1/companies/aristanetworks/postings/744000119449582
2026-09-03T17:53:00.945963+00:00,Arista Networks,"Software Engineer, Layer1","Austin, us",❓ no description,https://api.smartrecruiters.com/v1/companies/aristanetworks/postings/744000119446993
2026-09-03T17:53:00.945963+00:00,Arista Networks,"Software Engineer, Linux Kernel","Vancouver, ca",❓ no description,https://api.smartrecruiters.com/v1/companies/aristanetworks/postings/744000120037327
2026-09-03T17:53:00.945963+00:00,Arista Networks,"Software Engineer, Network Systems","Vancouver, ca",❓ no description,https://api.smartrecruiters.com/v1/companies/aristanetworks/postings/744000101069495
2026-09-03T17:53:00.945963+00:00,Arista Networks,"Software Engineer, Network Systems ","Nashua, us",❓ no description,https://api.smartrecruiters.com/v1/companies/aristanetworks/postings/744000136204119
2026-09-03T17:53:00.945963+00:00,Arista Networks,Systems Engineer – SD-WAN & SD-Branch (Enterprise),"Orlando, us",❓ no description,https://api.smartrecruiters.com/v1/companies/aristanetworks/postings/744000142933089
2026-09-03T17:53:00.945963+00:00,Arista Networks,"Systems Engineer – VeloCloud SD-WAN/SD-Branch (MSP/SP), USA Remote","Dallas, us",❓ no description,https://api.smartrecruiters.com/v1/companies/aristanetworks/postings/744000142930645
2026-09-03T17:53:00.945963+00:00,Arista Networks,Technical Marketing Engineer - Photonics,"Santa Clara, us",❓ no description,https://api.smartrecruiters.com/v1/companies/aristanetworks/postings/744000143933859
2026-09-03T17:53:00.945963+00:00,Arista Networks,"Technical Solutions Engineer -  Cloud, Hyperscalers and AI networks","Santa Clara, us",❓ no description,https://api.smartrecruiters.com/v1/companies/aristanetworks/postings/744000107618375
2026-09-03T17:53:00.945963+00:00,Arista Networks,"Technical Solutions Engineer - Cloud, Hyperscalers and AI networks","Vancouver, ca",❓ no description,https://api.smartrecruiters.com/v1/companies/aristanetworks/postings/744000141561647
2026-09-03T17:53:00.945963+00:00,Arista Networks,Technical Solutions Engineer - Datacenter,"Cary, us",❓ no description,https://api.smartrecruiters.com/v1/companies/aristanetworks/postings/744000107549617
2026-09-03T17:53:00.945963+00:00,Braintrust,Cloud Infrastructure Engineer,San Francisco,,https://jobs.ashbyhq.com/braintrust/bade7f86-8304-4515-bb39-5671bed35010
2026-09-03T17:53:00.945963+00:00,Braintrust,Data Engineer,San Francisco,,https://jobs.ashbyhq.com/braintrust/d1756ad8-be7c-4acd-961e-7e81e4f69024
2026-09-03T17:53:00.945963+00:00,Braintrust,Open Source Engineer - Go,Remote,,https://jobs.ashbyhq.com/braintrust/2a6c4ee9-063f-45d4-83ba-faf64b1f1a60
2026-09-03T17:53:00.945963+00:00,Braintrust,Open Source Engineer - Python,Remote,,https://jobs.ashbyhq.com/braintrust/ba4d6676-f65c-42c9-84ee-285f2da15e0d
2026-09-03T17:53:00.945963+00:00,Braintrust,"Software Engineer, Backend",San Francisco,,https://jobs.ashbyhq.com/braintrust/9728653e-49b9-4f5c-b6cd-7dbc6a6d5fcc
2026-09-03T17:53:00.945963+00:00,Braintrust,"Software Engineer, Developer Experience",San Francisco,,https://jobs.ashbyhq.com/braintrust/b4ea5780-8b8c-4969-a824-416a70de23c2
2026-09-03T17:53:00.945963+00:00,Braintrust,"Software Engineer, Product",San Francisco,,https://jobs.ashbyhq.com/braintrust/7d0a5b62-a554-48f0-b2f7-8cbac0e98ae6
2026-09-03T17:53:00.945963+00:00,Braintrust,"Software Engineer, Systems",San Francisco,,https://jobs.ashbyhq.com/braintrust/8b9cfa26-627f-442c-a358-783b0e4ef930
2026-09-03T17:53:00.945963+00:00,ClickHouse,Cloud Software Engineer - Observability Platform,United States,,https://jobs.ashbyhq.com/clickhouse/97536838-f046-40c9-afa8-f8acb9f468a3
2026-09-03T17:53:00.945963+00:00,ClickHouse,Cloud Software Engineer - Observability Platform,United States,,https://jobs.ashbyhq.com/clickhouse/e863d643-244a-422a-b750-292e0a0d555f
2026-09-03T17:53:00.945963+00:00,ClickHouse,"GTM Engineer, AI & Automation",United States,,https://jobs.ashbyhq.com/clickhouse/8997dfc4-1413-4b63-9388-904e289a9a6a
2026-09-03T17:53:00.945963+00:00,ClickHouse,Incident Response Security Engineer,United States,,https://jobs.ashbyhq.com/clickhouse/8b103ce1-06d7-4442-8faf-e977df75ef85
2026-09-03T17:53:00.945963+00:00,ClickHouse,Incident Response Security Engineer,United States,,https://jobs.ashbyhq.com/clickhouse/11642227-5e2f-493c-8473-865e893d1d84
2026-09-03T17:53:00.945963+00:00,Faire,GTM Systems Engineer,"San Francisco, CA",,https://boards.greenhouse.io/faire/jobs/8658935002?gh_jid=8658935002
2026-09-03T17:53:00.945963+00:00,Gopuff,Data Engineer,United States,,https://jobs.lever.co/gopuff/fece6961-007a-455f-b002-6da8a590ba0f
2026-09-03T17:53:00.945963+00:00,Match Group,Android Engineer III,"New York, New York",,https://jobs.lever.co/matchgroup/cb977666-1e41-4098-ad9c-6ab387e56a7a
2026-09-03T17:53:00.945963+00:00,Natera,"Software Engineer, Full Stack","San Carlos, CA",,https://job-boards.greenhouse.io/natera/jobs/5993307004
2026-09-03T17:53:00.945963+00:00,Northwestern Mutual,Full Stack Engineer,"Milwaukee, us",❓ no description,https://api.smartrecruiters.com/v1/companies/northwesternmutual/postings/743999658678894
2026-09-03T17:53:00.945963+00:00,Northwestern Mutual,Full Stack Engineer,"Milwaukee, us",❓ no description,https://api.smartrecruiters.com/v1/companies/northwesternmutual/postings/743999658678722
2026-09-03T17:53:00.945963+00:00,Northwestern Mutual,Full Stack Infrastructure Engineer,"Franklin, us",❓ no description,https://api.smartrecruiters.com/v1/companies/northwesternmutual/postings/743999658679074
2026-09-03T17:53:00.945963+00:00,Northwestern Mutual,Software Engineer,"Franklin, us",❓ no description,https://api.smartrecruiters.com/v1/companies/northwesternmutual/postings/743999658679125
2026-09-03T17:53:00.945963+00:00,Northwestern Mutual,Sr Full Stack Engineer,"Milwaukee, us",❓ no description,https://api.smartrecruiters.com/v1/companies/northwesternmutual/postings/743999658678864
2026-09-03T17:53:00.945963+00:00,Northwestern Mutual,Sr Full Stack Engineer,"Milwaukee, us",❓ no description,https://api.smartrecruiters.com/v1/companies/northwesternmutual/postings/743999658678693
2026-09-03T17:53:00.945963+00:00,Northwestern Mutual,Sr Full Stack Engineer,"Milwaukee, us",❓ no description,https://api.smartrecruiters.com/v1/companies/northwesternmutual/postings/743999658678685
2026-09-03T17:53:00.945963+00:00,Northwestern Mutual,Sr Software Engineer,"Milwaukee, us",❓ no description,https://api.smartrecruiters.com/v1/companies/northwesternmutual/postings/743999658678778
2026-09-03T17:53:00.945963+00:00,Northwestern Mutual,Sr Software Engineer,"Milwaukee, us",❓ no description,https://api.smartrecruiters.com/v1/companies/northwesternmutual/postings/743999658678757
2026-09-03T17:53:00.945963+00:00,Northwestern Mutual,Sr. Software Engineer,"Milwaukee, us",❓ no description,https://api.smartrecruiters.com/v1/companies/northwesternmutual/postings/743999658678857
2026-09-03T17:53:00.945963+00:00,Northwestern Mutual,Systems Software Engineer Consultant,"Franklin, us",❓ no description,https://api.smartrecruiters.com/v1/companies/northwesternmutual/postings/743999658678794
2026-09-03T17:53:00.945963+00:00,Olo,Fullstack Software Engineer - Catering,"Belfast, Northern Ireland, Remote",,https://jobs.lever.co/olo/76405841-45d3-434b-a7bd-141feebc61e3
2026-09-03T17:53:00.945963+00:00,Olo,Software Engineer - Core,"Belfast, Northern Ireland, Remote",,https://jobs.lever.co/olo/fbba978b-03b2-4b45-85cd-72174c9d8bef
2026-09-03T17:53:00.945963+00:00,Olo,Software Engineer II - In-Store,"Belfast, Northern Ireland, Remote",,https://jobs.lever.co/olo/5c8cf0d2-0a8d-4271-9a57-236ea3d4c33c
2026-09-03T17:53:00.945963+00:00,Poshmark,"Software Engineer II, Machine Learning",US California (Redwood City) - Office,,https://jobs.ashbyhq.com/poshmark/1bdf7b14-1a68-4c3b-ab64-4a3a2793b937
2026-09-03T17:53:00.945963+00:00,Poshmark,"Sr. Engineer, Machine Learning","Redwood City, California, USA",,https://jobs.ashbyhq.com/poshmark/7220f015-4c04-4b90-a2a7-91eec6962aaa
2026-09-03T17:53:00.945963+00:00,Poshmark,"Sr. Software Engineer II, Web",US California (Redwood City) - Office,,https://jobs.ashbyhq.com/poshmark/62cbe59f-9ef5-454f-9987-4c537a050984
2026-09-03T17:53:00.945963+00:00,Poshmark,"Sr. Software Engineer, Cloud Platform",US California (Redwood City) - Office,,https://jobs.ashbyhq.com/poshmark/c39b36db-b21f-4836-91aa-b4f1ae96b8e4
2026-09-03T17:53:00.945963+00:00,Pure Storage,"Consulting Pre-Sales Systems Engineer, Service Provider","Seattle, Washington",,https://job-boards.greenhouse.io/purestorage/jobs/8123071
2026-09-03T17:53:00.945963+00:00,Pure Storage,"Pre-Sales Systems Engineer, Everpure Resilience","Remote, United States",,https://job-boards.greenhouse.io/purestorage/jobs/8123184
2026-09-03T17:53:00.945963+00:00,Pure Storage,"System Engineer, Enterprise (UK)","Remote, United Kingdom",,https://job-boards.greenhouse.io/purestorage/jobs/8104898
2026-09-03T17:53:00.945963+00:00,Pure Storage,Systems Engineer,"Remote, Malaysia",,https://job-boards.greenhouse.io/purestorage/jobs/8172524
2026-09-03T17:53:00.945963+00:00,Roku,Software Engineer - Content Ingestion,"Austin, Texas",,https://www.weareroku.com/jobs/8158015?gh_jid=8158015
2026-09-03T17:53:00.945963+00:00,Roku,"Software Engineer, Embedded Agentic AI ","Austin, Texas",,https://www.weareroku.com/jobs/7991641?gh_jid=7991641
2026-09-03T17:53:00.945963+00:00,Roku,"Sr. Solutions Engineer, Ad Data Ingestion","New York, New York",,https://www.weareroku.com/jobs/7847282?gh_jid=7847282
2026-09-03T17:53:00.945963+00:00,Roku,"Sr. Solutions Engineer, Ad Data Ingestion","Austin, Texas",,https://www.weareroku.com/jobs/8096201?gh_jid=8096201
2026-09-03T17:53:00.945963+00:00,ServiceNow,Agentic Search Infrastructure Engineer - Moveworks,"Mountain View, us",❓ no description,https://api.smartrecruiters.com/v1/companies/servicenow/postings/744000130592199
2026-09-03T17:53:00.945963+00:00,ServiceNow,"Associate Software Engineer, Core Infrastructure - Moveworks","Mountain View, us",❓ no description,https://api.smartrecruiters.com/v1/companies/servicenow/postings/744000107369741
2026-09-03T17:53:00.945963+00:00,ServiceNow,Data Platform Software Engineer,"San Diego, us",❓ no description,https://api.smartrecruiters.com/v1/companies/servicenow/postings/744000146570652
2026-09-03T17:53:00.945963+00:00,ServiceNow,"Machine Learning Engineer, Agentic AI Harness & Quality - Moveworks","Mountain View, us",❓ no description,https://api.smartrecruiters.com/v1/companies/servicenow/postings/744000141813209
2026-09-03T17:53:00.945963+00:00,ServiceNow,"Machine Learning Engineer, Agentic Application","Mountain View, us",❓ no description,https://api.smartrecruiters.com/v1/companies/servicenow/postings/744000139370964
2026-09-03T17:53:00.945963+00:00,ServiceNow,"Machine Learning Engineer, Agentic Systems - Moveworks","Mountain View, us",❓ no description,https://api.smartrecruiters.com/v1/companies/servicenow/postings/744000136346369
2026-09-03T17:53:00.945963+00:00,ServiceNow,"Machine Learning Engineer, GAI Search Platform - Moveworks","Mountain View, us",❓ no description,https://api.smartrecruiters.com/v1/companies/servicenow/postings/744000138174539
2026-09-03T17:53:00.945963+00:00,ServiceNow,"Machine Learning Engineer, GAI Search Relevance - Moveworks","Mountain View, us",❓ no description,https://api.smartrecruiters.com/v1/companies/servicenow/postings/744000138178124
2026-09-03T17:53:00.945963+00:00,ServiceNow,"Software Engineer, DevOps - Moveworks","Mountain View, us",❓ no description,https://api.smartrecruiters.com/v1/companies/servicenow/postings/744000138205419
2026-09-03T17:53:00.945963+00:00,Smartsheet,Software Engineer - Mobile (Remote Eligible in Bulgaria)," -REMOTE, BULGARIA-",,https://job-boards.greenhouse.io/smartsheet/jobs/8141665
2026-09-03T17:53:00.945963+00:00,Smartsheet,Software Engineer I (Remote Eligible)," -REMOTE, USA-",,https://job-boards.greenhouse.io/smartsheet/jobs/8070067
2026-09-03T17:53:00.945963+00:00,Smartsheet,Software Engineer II - Full Stack (Remote Eligible)," -REMOTE, USA-",,https://job-boards.greenhouse.io/smartsheet/jobs/8097667
2026-09-03T17:53:00.945963+00:00,Smartsheet,Sr. Forward Deployed AI Engineer (Remote Eligible in the UK)," -REMOTE, UK-",,https://job-boards.greenhouse.io/smartsheet/jobs/7873872
2026-09-03T17:53:00.945963+00:00,Smartsheet,Sr. Software Engineer II - AI Engineering (Remote Eligible) ," -REMOTE, USA-",,https://job-boards.greenhouse.io/smartsheet/jobs/8167496
2026-09-03T17:53:00.945963+00:00,SpaceX,"AI Engineer, Special Programs - Top Secret Clearance","Palo Alto, CA",🇺🇸 US citizenship required 🔒 clearance required,https://boards.greenhouse.io/spacex/jobs/8557073002?gh_jid=8557073002
2026-09-03T17:53:00.945963+00:00,SpaceX,AI Software Engineer (Vehicle Engineering),"Hawthorne, CA",🇺🇸 US citizenship required,https://boards.greenhouse.io/spacex/jobs/8559015002?gh_jid=8559015002
2026-09-03T17:53:00.945963+00:00,SpaceX,Antenna Engineer - Parabolic & Waveguide (Starlink),"Redmond, WA",🇺🇸 US citizenship required,https://boards.greenhouse.io/spacex/jobs/8692102002?gh_jid=8692102002
2026-09-03T17:53:00.945963+00:00,SpaceX,"Antenna Engineer, Satellites (Starlink)","Redmond, WA",🇺🇸 US citizenship required,https://boards.greenhouse.io/spacex/jobs/8692241002?gh_jid=8692241002
2026-09-03T17:53:00.945963+00:00,SpaceX,Application Software Engineer,"Bastrop, TX",🇺🇸 US citizenship required,https://boards.greenhouse.io/spacex/jobs/8494240002?gh_jid=8494240002
2026-09-03T17:53:00.945963+00:00,SpaceX,Application Software Engineer,"Palo Alto, CA",🇺🇸 US citizenship required,https://boards.greenhouse.io/spacex/jobs/8611189002?gh_jid=8611189002
2026-09-03T17:53:00.945963+00:00,SpaceX,Application Software Engineer,"Hawthorne, CA",🇺🇸 US citizenship required,https://boards.greenhouse.io/spacex/jobs/8675909002?gh_jid=8675909002
2026-09-03T17:53:00.945963+00:00,SpaceX,Application Software Engineer,"Starbase, TX",🇺🇸 US citizenship required,https://boards.greenhouse.io/spacex/jobs/8611118002?gh_jid=8611118002
2026-09-03T17:53:00.945963+00:00,SpaceX,Application Software Engineer ,"Redmond, WA",🇺🇸 US citizenship required,https://boards.greenhouse.io/spacex/jobs/8696154002?gh_jid=8696154002
2026-09-03T17:53:00.945963+00:00,SpaceX,"Application Software Engineer, Applied AI","McGregor, TX",🇺🇸 US citizenship required,https://boards.greenhouse.io/spacex/jobs/8658740002?gh_jid=8658740002
2026-09-03T17:53:00.945963+00:00,SpaceX,"Application Software Engineer, Applied AI","Redmond, WA",🇺🇸 US citizenship required,https://boards.greenhouse.io/spacex/jobs/8658744002?gh_jid=8658744002
2026-09-03T17:53:00.945963+00:00,SpaceX,"Application Software Engineer, Applied AI","Bastrop, TX",🇺🇸 US citizenship required,https://boards.greenhouse.io/spacex/jobs/8658737002?gh_jid=8658737002
2026-09-03T17:53:00.945963+00:00,SpaceX,"Application Software Engineer, Applied AI","Vandenberg, CA",🇺🇸 US citizenship required,https://boards.greenhouse.io/spacex/jobs/8658742002?gh_jid=8658742002
2026-09-03T17:53:00.945963+00:00,SpaceX,"Application Software Engineer, Applied AI","Starbase, TX",🇺🇸 US citizenship required,https://boards.greenhouse.io/spacex/jobs/8658738002?gh_jid=8658738002
2026-09-03T17:53:00.945963+00:00,SpaceX,"Application Software Engineer, Applied AI","Hawthorne, CA",🇺🇸 US citizenship required,https://boards.greenhouse.io/spacex/jobs/8658628002?gh_jid=8658628002
2026-09-03T17:53:00.945963+00:00,SpaceX,"Application Software Engineer, Employee Experience","Starbase, TX",🇺🇸 US citizenship required,https://boards.greenhouse.io/spacex/jobs/8632106002?gh_jid=8632106002
2026-09-03T17:53:00.945963+00:00,SpaceX,"Automation & Controls Engineer, Infrastructure & Utility (Starship)","Starbase, TX",🇺🇸 US citizenship required,https://boards.greenhouse.io/spacex/jobs/8727906002?gh_jid=8727906002
2026-09-03T17:53:00.945963+00:00,SpaceX,"Automation & Controls Engineer, Launch Pad (Starship)","Starbase, TX",🇺🇸 US citizenship required,https://boards.greenhouse.io/spacex/jobs/8761271002?gh_jid=8761271002
2026-09-03T17:53:00.945963+00:00,SpaceX,"Automation & Controls Engineer, Solar (Starlink)","Redmond, WA",🇺🇸 US citizenship required,https://boards.greenhouse.io/spacex/jobs/8677412002?gh_jid=8677412002
2026-09-03T17:53:00.945963+00:00,SpaceX,"Automation & Controls Engineer, Solar Cell Factory (Starlink)","Bastrop, TX",🇺🇸 US citizenship required,https://boards.greenhouse.io/spacex/jobs/8545793002?gh_jid=8545793002
2026-09-03T17:53:00.945963+00:00,SpaceX,"Automation Build Engineer, Development (Starlink) ","Bastrop, TX",🇺🇸 US citizenship required,https://boards.greenhouse.io/spacex/jobs/8696881002?gh_jid=8696881002
2026-09-03T17:53:00.945963+00:00,SpaceX,"Automation Engineer, Blades and Vanes Foundry","Bastrop, TX",🇺🇸 US citizenship required,https://boards.greenhouse.io/spacex/jobs/8502939002?gh_jid=8502939002
2026-09-03T17:53:00.945963+00:00,SpaceX,"Automation and Controls Engineer, AI Satellites (Starmind)","Bastrop, TX",🇺🇸 US citizenship required,https://boards.greenhouse.io/spacex/jobs/8727884002?gh_jid=8727884002
2026-09-03T17:53:00.945963+00:00,SpaceX,"Aviation Development Engineer, Networking (Starlink) ","Woodinville, WA",🇺🇸 US citizenship required,https://boards.greenhouse.io/spacex/jobs/8731929002?gh_jid=8731929002
2026-09-03T17:53:00.945963+00:00,SpaceX,"Battery Test Engineer, Satellites (Starlink)","Redmond, WA",🇺🇸 US citizenship required,https://boards.greenhouse.io/spacex/jobs/8488324002?gh_jid=8488324002
2026-09-03T17:53:00.945963+00:00,SpaceX,"Build Engineer, Structures (Starship)","Starbase, TX",🇺🇸 US citizenship required,https://boards.greenhouse.io/spacex/jobs/8562456002?gh_jid=8562456002
2026-09-03T17:53:00.945963+00:00,SpaceX,CMM Programmer (Starlink) - 2nd Shift,"Redmond, WA",🇺🇸 US citizenship required,https://boards.greenhouse.io/spacex/jobs/8694895002?gh_jid=8694895002
2026-09-03T17:53:00.945963+00:00,SpaceX,CNC Programmer (Starship Components) - Level 4/5   ,"Hawthorne, CA",🇺🇸 US citizenship required,https://boards.greenhouse.io/spacex/jobs/8509075002?gh_jid=8509075002
2026-09-03T17:53:00.945963+00:00,SpaceX,CNC Programmer (Starship Components) - Level 4/5 (2nd Shift),"Hawthorne, CA",🇺🇸 US citizenship required,https://boards.greenhouse.io/spacex/jobs/8581415002?gh_jid=8581415002
2026-09-03T17:53:00.945963+00:00,SpaceX,CNC Programmer - Level 4/5 (2nd Shift),"Bastrop, TX",🇺🇸 US citizenship required,https://boards.greenhouse.io/spacex/jobs/8487596002?gh_jid=8487596002
2026-09-03T17:53:00.945963+00:00,SpaceX,"CNC Programmer, Development (Starlink)","Bastrop, TX",🇺🇸 US citizenship required,https://boards.greenhouse.io/spacex/jobs/8697078002?gh_jid=8697078002
2026-09-03T17:53:00.945963+00:00,SpaceX,"CNC Programmer, NX CAM (IGT Blades & Vanes) - Level 4/5","Bastrop, TX",🇺🇸 US citizenship required,https://boards.greenhouse.io/spacex/jobs/8743358002?gh_jid=8743358002
2026-09-03T17:53:00.945963+00:00,SpaceX,"CNC Programmer, NX CAM (Starlink)","Bastrop, TX",🇺🇸 US citizenship required,https://boards.greenhouse.io/spacex/jobs/8731809002?gh_jid=8731809002
2026-09-03T17:53:00.945963+00:00,SpaceX,Data Engineer (Starlink Go-To-Market),"Hawthorne, CA",🇺🇸 US citizenship required,https://boards.greenhouse.io/spacex/jobs/8637472002?gh_jid=8637472002
2026-09-03T17:53:00.945963+00:00,SpaceX,Data Engineer (Starlink),"Bastrop, TX",🇺🇸 US citizenship required,https://boards.greenhouse.io/spacex/jobs/8626535002?gh_jid=8626535002
2026-09-03T17:53:00.945963+00:00,SpaceX,Data Engineer (Starlink),"Hawthorne, CA",🇺🇸 US citizenship required,https://boards.greenhouse.io/spacex/jobs/8626500002?gh_jid=8626500002
2026-09-03T17:53:00.945963+00:00,SpaceX,Data Engineer (Starship),"Starbase, TX",🇺🇸 US citizenship required,https://boards.greenhouse.io/spacex/jobs/8569186002?gh_jid=8569186002
2026-09-03T17:53:00.945963+00:00,SpaceX,"Development Test Engineer, Battery (Starship Electronics)","Hawthorne, CA",🇺🇸 US citizenship required,https://boards.greenhouse.io/spacex/jobs/8647452002?gh_jid=8647452002
2026-09-03T17:53:00.945963+00:00,SpaceX,"Development Test Engineer, Satellites (Starlink)","Redmond, WA",🇺🇸 US citizenship required,https://boards.greenhouse.io/spacex/jobs/8532641002?gh_jid=8532641002
2026-09-03T17:53:00.945963+00:00,SpaceX,"Development Test Engineer, Structures (Starship)","Starbase, TX",🇺🇸 US citizenship required,https://boards.greenhouse.io/spacex/jobs/8551872002?gh_jid=8551872002
2026-09-03T17:53:00.945963+00:00,SpaceX,Dimensional Inspector (CMM Programmer),"Hawthorne, CA",🇺🇸 US citizenship required,https://boards.greenhouse.io/spacex/jobs/8741932002?gh_jid=8741932002
2026-09-03T17:53:00.945963+00:00,SpaceX,EDM Programmer (Starlink),"Bastrop, TX",🇺🇸 US citizenship required,https://boards.greenhouse.io/spacex/jobs/8579766002?gh_jid=8579766002
2026-09-03T17:53:00.945963+00:00,SpaceX,Embedded Security Engineer (Starlink),"Hawthorne, CA",🇺🇸 US citizenship required,https://boards.greenhouse.io/spacex/jobs/8719858002?gh_jid=8719858002
2026-09-03T17:53:00.945963+00:00,SpaceX,Embedded Security Engineer (Starlink),"Bastrop, TX",🇺🇸 US citizenship required,https://boards.greenhouse.io/spacex/jobs/8719863002?gh_jid=8719863002
2026-09-03T17:53:00.945963+00:00,SpaceX,Embedded Security Engineer (Starlink),"Redmond, WA",🇺🇸 US citizenship required,https://boards.greenhouse.io/spacex/jobs/8719857002?gh_jid=8719857002
2026-09-03T17:53:00.945963+00:00,SpaceX,Embedded Software Engineer (Starlink),"Bastrop, TX",🇺🇸 US citizenship required,https://boards.greenhouse.io/spacex/jobs/8706480002?gh_jid=8706480002
2026-09-03T17:53:00.945963+00:00,SpaceX,"Embedded Software Engineer, Laser Mesh Routing (Starlink)   ","Redmond, WA",🇺🇸 US citizenship required,https://boards.greenhouse.io/spacex/jobs/8578936002?gh_jid=8578936002
2026-09-03T17:53:00.945963+00:00,SpaceX,"Embedded Software Engineer, Laser Mesh Routing (Starlink)   ","Palo Alto, CA",🇺🇸 US citizenship required,https://boards.greenhouse.io/spacex/jobs/8578934002?gh_jid=8578934002
2026-09-03T17:53:00.945963+00:00,SpaceX,"Embedded Software Engineer, OS/Platform  (Starlink)","Redmond, WA",🇺🇸 US citizenship required,https://boards.greenhouse.io/spacex/jobs/8752935002?gh_jid=8752935002
2026-09-03T17:53:00.945963+00:00,SpaceX,"Embedded Software Engineer, OS/Platform (Starlink)","Bastrop, TX",🇺🇸 US citizenship required,https://boards.greenhouse.io/spacex/jobs/8511391002?gh_jid=8511391002
2026-09-03T17:53:00.945963+00:00,SpaceX,"Embedded Software Engineer, OS/Platform (Starshield)","Hawthorne, CA",🇺🇸 US citizenship required 🔒 clearance required,https://boards.greenhouse.io/spacex/jobs/8530798002?gh_jid=8530798002
2026-09-03T17:53:00.945963+00:00,SpaceX,"Embedded Software Engineer, Satellite Antenna (Starlink)","Redmond, WA",🇺🇸 US citizenship required,https://boards.greenhouse.io/spacex/jobs/8603628002?gh_jid=8603628002
2026-09-03T17:53:00.945963+00:00,SpaceX,"Environmental Engineer, Compliance/Air Programs ","Bastrop, TX",🇺🇸 US citizenship required,https://boards.greenhouse.io/spacex/jobs/8702120002?gh_jid=8702120002
2026-09-03T17:53:00.945963+00:00,SpaceX,"Environmental Health & Safety Engineer, Construction (Starlink)","Bastrop, TX",🇺🇸 US citizenship required,https://boards.greenhouse.io/spacex/jobs/8614340002?gh_jid=8614340002
2026-09-03T17:53:00.945963+00:00,SpaceX,"Equipment Maintenance & Reliability Engineer, PCB (Starlink)","Bastrop, TX",🇺🇸 US citizenship required,https://boards.greenhouse.io/spacex/jobs/8568127002?gh_jid=8568127002
2026-09-03T17:53:00.945963+00:00,SpaceX,"Equipment Reliability Engineer, PCB Maintenance (Starlink)","Bastrop, TX",🇺🇸 US citizenship required,https://boards.greenhouse.io/spacex/jobs/8568130002?gh_jid=8568130002
2026-09-03T17:53:00.945963+00:00,SpaceX,"Facilities Engineer, MEP","McGregor, TX",🇺🇸 US citizenship required,https://boards.greenhouse.io/spacex/jobs/8580838002?gh_jid=8580838002
2026-09-03T17:53:00.945963+00:00,SpaceX,"Facilities Engineer, Solar Cell Factory (Starlink)","Bastrop, TX",🇺🇸 US citizenship required,https://boards.greenhouse.io/spacex/jobs/8524791002?gh_jid=8524791002
2026-09-03T17:53:00.945963+00:00,SpaceX,Factory Software Engineer (Starlink),"Bastrop, TX",🇺🇸 US citizenship required,https://boards.greenhouse.io/spacex/jobs/8574053002?gh_jid=8574053002
2026-09-03T17:53:00.945963+00:00,SpaceX,"Failure Analysis Engineer, Microelectronics (Starlink)","Bastrop, TX",🇺🇸 US citizenship required,https://boards.greenhouse.io/spacex/jobs/8498761002?gh_jid=8498761002
2026-09-03T17:53:00.945963+00:00,SpaceX,Flight Software Engineer (Starlink Mobile),"Redmond, WA",🇺🇸 US citizenship required,https://boards.greenhouse.io/spacex/jobs/8556909002?gh_jid=8556909002
2026-09-03T17:53:00.945963+00:00,SpaceX,Flight Software Infrastructure Engineer (Starlink),"Redmond, WA",🇺🇸 US citizenship required,https://boards.greenhouse.io/spacex/jobs/8692260002?gh_jid=8692260002
2026-09-03T17:53:00.945963+00:00,SpaceX,"Fluid Systems Engineer, Solar Cell Factory (Starlink)","Bastrop, TX",🇺🇸 US citizenship required,https://boards.greenhouse.io/spacex/jobs/8672670002?gh_jid=8672670002
2026-09-03T17:53:00.945963+00:00,SpaceX,Full Stack Engineer (Application Software),"Palo Alto, CA",🇺🇸 US citizenship required,https://boards.greenhouse.io/spacex/jobs/8675232002?gh_jid=8675232002
2026-09-03T17:53:00.945963+00:00,SpaceX,Full Stack Engineer (Application Software),"Redmond, WA",🇺🇸 US citizenship required,https://boards.greenhouse.io/spacex/jobs/8701392002?gh_jid=8701392002
2026-09-03T17:53:00.945963+00:00,SpaceX,Full Stack Engineer (Application Software),"Hawthorne, CA",🇺🇸 US citizenship required,https://boards.greenhouse.io/spacex/jobs/8681166002?gh_jid=8681166002
2026-09-03T17:53:00.945963+00:00,SpaceX,"Full Stack Engineer, Employee Experience ","Palo Alto, CA",🇺🇸 US citizenship required,https://boards.greenhouse.io/spacex/jobs/8763492002?gh_jid=8763492002
2026-09-03T17:53:00.945963+00:00,SpaceX,"Full Stack Engineer, Flight Software","Hawthorne, CA",🇺🇸 US citizenship required,https://boards.greenhouse.io/spacex/jobs/8769729002?gh_jid=8769729002
2026-09-03T17:53:00.945963+00:00,SpaceX,Full Stack Software Engineer (Application Software),"Starbase, TX",🇺🇸 US citizenship required,https://boards.greenhouse.io/spacex/jobs/8639573002?gh_jid=8639573002
2026-09-03T17:53:00.945963+00:00,SpaceX,Full Stack Software Engineer (Application Software),"Bastrop, TX",🇺🇸 US citizenship required,https://boards.greenhouse.io/spacex/jobs/8495180002?gh_jid=8495180002
2026-09-03T17:53:00.945963+00:00,SpaceX,Full Stack Software Engineer (Build Reliability) ,"Hawthorne, CA",🇺🇸 US citizenship required,https://boards.greenhouse.io/spacex/jobs/8555791002?gh_jid=8555791002
2026-09-03T17:53:00.945963+00:00,SpaceX,Full Stack Software Engineer (Components) ,"Hawthorne, CA",🇺🇸 US citizenship required,https://boards.greenhouse.io/spacex/jobs/8706459002?gh_jid=8706459002
2026-09-03T17:53:00.945963+00:00,SpaceX,Full Stack Software Engineer (Starlink),"Palo Alto, CA",🇺🇸 US citizenship required,https://boards.greenhouse.io/spacex/jobs/8501225002?gh_jid=8501225002
2026-09-03T17:53:00.945963+00:00,SpaceX,Full Stack Software Engineer (Starshield),"Hawthorne, CA",🇺🇸 US citizenship required 🔒 clearance required,https://boards.greenhouse.io/spacex/jobs/8610872002?gh_jid=8610872002
2026-09-03T17:53:00.945963+00:00,SpaceX,Full Stack Software Engineer - Simulation & Flight Systems,"Hawthorne, CA",🇺🇸 US citizenship required 🔒 clearance required,https://boards.greenhouse.io/spacex/jobs/8731959002?gh_jid=8731959002
2026-09-03T17:53:00.945963+00:00,SpaceX,"Full Stack Software Engineer, Data (Starlink)","Redmond, WA",🇺🇸 US citizenship required,https://boards.greenhouse.io/spacex/jobs/8656465002?gh_jid=8656465002
2026-09-03T17:53:00.945963+00:00,SpaceX,"Full Stack Software Engineer, Data Platform (Starlink)","Redmond, WA",🇺🇸 US citizenship required,https://boards.greenhouse.io/spacex/jobs/8746439002?gh_jid=8746439002
2026-09-03T17:53:00.945963+00:00,SpaceX,"Full Stack Software Engineer, Developer Systems ","Hawthorne, CA",🇺🇸 US citizenship required,https://boards.greenhouse.io/spacex/jobs/8763489002?gh_jid=8763489002
2026-09-03T17:53:00.945963+00:00,SpaceX,"Full Stack Software Engineer, Employee Experience ","Hawthorne, CA",🇺🇸 US citizenship required,https://boards.greenhouse.io/spacex/jobs/8726225002?gh_jid=8726225002
2026-09-03T17:53:00.945963+00:00,SpaceX,"Full Stack Software Engineer, Internal Systems ","Bastrop, TX",🇺🇸 US citizenship required,https://boards.greenhouse.io/spacex/jobs/8663562002?gh_jid=8663562002
2026-09-03T17:53:00.945963+00:00,SpaceX,"Full Stack Software Engineer, Internal Systems ","Hawthorne, CA",🇺🇸 US citizenship required,https://boards.greenhouse.io/spacex/jobs/8681167002?gh_jid=8681167002
2026-09-03T17:53:00.945963+00:00,SpaceX,"Full Stack Software Engineer, Observability (Starlink)","Hawthorne, CA",🇺🇸 US citizenship required,https://boards.greenhouse.io/spacex/jobs/8638457002?gh_jid=8638457002
2026-09-03T17:53:00.945963+00:00,SpaceX,"Full Stack Software Engineer, Operations Software (Starlink) ","Redmond, WA",🇺🇸 US citizenship required,https://boards.greenhouse.io/spacex/jobs/8722645002?gh_jid=8722645002
2026-09-03T17:53:00.945963+00:00,SpaceX,"GNC Engineer - Embedded Controls, AI Satellites (Starmind)","Bastrop, TX",🇺🇸 US citizenship required,https://boards.greenhouse.io/spacex/jobs/8677846002?gh_jid=8677846002
2026-09-03T17:53:00.945963+00:00,SpaceX,"GNC Engineer, ADCS (Starlink) ","Redmond, WA",🇺🇸 US citizenship required,https://boards.greenhouse.io/spacex/jobs/8755408002?gh_jid=8755408002
2026-09-03T17:53:00.945963+00:00,SpaceX,"GNC Engineer, ADCS (Starshield)","Hawthorne, CA",🇺🇸 US citizenship required 🔒 clearance required,https://boards.greenhouse.io/spacex/jobs/8749175002?gh_jid=8749175002
2026-09-03T17:53:00.945963+00:00,SpaceX,"GNC Engineer, Beam Planning (Starshield)","Hawthorne, CA",🇺🇸 US citizenship required 🔒 clearance required,https://boards.greenhouse.io/spacex/jobs/8564124002?gh_jid=8564124002
2026-09-03T17:53:00.945963+00:00,SpaceX,"GNC Engineer, Fleet Management (Starshield)","Hawthorne, CA",🇺🇸 US citizenship required 🔒 clearance required,https://boards.greenhouse.io/spacex/jobs/8564126002?gh_jid=8564126002
2026-09-03T17:53:00.945963+00:00,SpaceX,"GNC Engineer, Orbit Control (Starlink) ","Redmond, WA",🇺🇸 US citizenship required,https://boards.greenhouse.io/spacex/jobs/8540057002?gh_jid=8540057002
2026-09-03T17:53:00.945963+00:00,SpaceX,"GNC Engineer, Orbit Determination/Stargaze (Starlink)","Redmond, WA",🇺🇸 US citizenship required,https://boards.greenhouse.io/spacex/jobs/8751036002?gh_jid=8751036002
2026-09-03T17:53:00.945963+00:00,SpaceX,"GNC Engineer, Phased Array Devices (Starshield) ","Hawthorne, CA",🇺🇸 US citizenship required 🔒 clearance required,https://boards.greenhouse.io/spacex/jobs/8749195002?gh_jid=8749195002
2026-09-03T17:53:00.945963+00:00,SpaceX,"GNC Engineer, Satellite Power Systems (Starlink)","Redmond, WA",🇺🇸 US citizenship required,https://boards.greenhouse.io/spacex/jobs/8459660002?gh_jid=8459660002
2026-09-03T17:53:00.945963+00:00,SpaceX,"GNC Engineer, Starlink Controls (Starlink)","Redmond, WA",🇺🇸 US citizenship required,https://boards.greenhouse.io/spacex/jobs/8755423002?gh_jid=8755423002
2026-09-03T17:53:00.945963+00:00,SpaceX,"Harness Design Engineer, Satellites (Starlink)","Redmond, WA",🇺🇸 US citizenship required,https://boards.greenhouse.io/spacex/jobs/8612778002?gh_jid=8612778002
2026-09-03T17:53:00.945963+00:00,SpaceX,"IT Infrastructure Engineer, Virtualization & Storage","Hawthorne, CA",🇺🇸 US citizenship required,https://boards.greenhouse.io/spacex/jobs/8451903002?gh_jid=8451903002
2026-09-03T17:53:00.945963+00:00,SpaceX,IT Network Engineer - Top Secret Clearance,"Hawthorne, CA",🇺🇸 US citizenship required 🔒 clearance required,https://boards.greenhouse.io/spacex/jobs/8456295002?gh_jid=8456295002
2026-09-03T17:53:00.945963+00:00,SpaceX,IT Network Infrastructure Engineer,"Hawthorne, CA",🇺🇸 US citizenship required,https://boards.greenhouse.io/spacex/jobs/8570046002?gh_jid=8570046002
2026-09-03T17:53:00.945963+00:00,SpaceX,"IT Network Infrastructure Engineer, Launch","Starbase, TX",🇺🇸 US citizenship required,https://boards.greenhouse.io/spacex/jobs/8458745002?gh_jid=8458745002
2026-09-03T17:53:00.945963+00:00,SpaceX,IT Systems Engineer (Endpoint),"Bastrop, TX",🇺🇸 US citizenship required,https://boards.greenhouse.io/spacex/jobs/8609444002?gh_jid=8609444002
2026-09-03T17:53:00.945963+00:00,SpaceX,IT Systems Engineer (Endpoint),"Hawthorne, CA",🇺🇸 US citizenship required,https://boards.greenhouse.io/spacex/jobs/8603113002?gh_jid=8603113002
2026-09-03T17:53:00.945963+00:00,SpaceX,IT Systems Engineer - Top Secret Clearance,"Hawthorne, CA",🇺🇸 US citizenship required 🔒 clearance required,https://boards.greenhouse.io/spacex/jobs/8548102002?gh_jid=8548102002
2026-09-03T17:53:00.945963+00:00,SpaceX,IT Windows Systems Engineer - Top Secret Clearance,"Hawthorne, CA",🇺🇸 US citizenship required 🔒 clearance required,https://boards.greenhouse.io/spacex/jobs/8548907002?gh_jid=8548907002
2026-09-03T17:53:00.945963+00:00,SpaceX,Infrastructure Engineer,"Redmond, WA",🇺🇸 US citizenship required,https://boards.greenhouse.io/spacex/jobs/8604308002?gh_jid=8604308002
2026-09-03T17:53:00.945963+00:00,SpaceX,"Integration & Test Engineer, AI Satellites (Starmind)","Bastrop, TX",🇺🇸 US citizenship required,https://boards.greenhouse.io/spacex/jobs/8727656002?gh_jid=8727656002
2026-09-03T17:53:00.945963+00:00,SpaceX,"Integration Engineer, Heatshield (Starship) ","Starbase, TX",🇺🇸 US citizenship required,https://boards.greenhouse.io/spacex/jobs/8603368002?gh_jid=8603368002
2026-09-03T17:53:00.945963+00:00,SpaceX,Kubernetes Platform Infrastructure Engineer (Starlink),"Redmond, WA",🇺🇸 US citizenship required,https://boards.greenhouse.io/spacex/jobs/8573281002?gh_jid=8573281002
2026-09-03T17:53:00.945963+00:00,SpaceX,"Launch Engineer, Falcon Engineering   ","Vandenberg, CA",🇺🇸 US citizenship required,https://boards.greenhouse.io/spacex/jobs/8624730002?gh_jid=8624730002
2026-09-03T17:53:00.945963+00:00,SpaceX,"Launch Engineer, Fluid Systems (Starship)","Starbase, TX",🇺🇸 US citizenship required,https://boards.greenhouse.io/spacex/jobs/8504994002?gh_jid=8504994002
2026-09-03T17:53:00.945963+00:00,SpaceX,"Launch Engineer, Ground Support Equipment (Falcon)   ","Vandenberg, CA",🇺🇸 US citizenship required,https://boards.greenhouse.io/spacex/jobs/8675103002?gh_jid=8675103002
2026-09-03T17:53:00.945963+00:00,SpaceX,"Launch Engineer, Spacecraft Integration (Payloads)","Vandenberg, CA",🇺🇸 US citizenship required 🔒 clearance required,https://boards.greenhouse.io/spacex/jobs/8622779002?gh_jid=8622779002
2026-09-03T17:53:00.945963+00:00,SpaceX,"Launch Pad Engineer, Fluid Systems (Falcon 9)","Vandenberg, CA",🇺🇸 US citizenship required,https://boards.greenhouse.io/spacex/jobs/8623675002?gh_jid=8623675002
2026-09-03T17:53:00.945963+00:00,SpaceX,"ML Engineer, Surrogate Modeling (Vehicle Engineering)","Hawthorne, CA",🇺🇸 US citizenship required,https://boards.greenhouse.io/spacex/jobs/8559035002?gh_jid=8559035002
2026-09-03T17:53:00.945963+00:00,SpaceX,"Maintenance Engineer, High Pressure Die Casting (Starlink)   ","Bastrop, TX",🇺🇸 US citizenship required,https://boards.greenhouse.io/spacex/jobs/8697058002?gh_jid=8697058002
2026-09-03T17:53:00.945963+00:00,SpaceX,"Maintenance Engineer, PCB (Starlink)","Bastrop, TX",🇺🇸 US citizenship required,https://boards.greenhouse.io/spacex/jobs/8561461002?gh_jid=8561461002
2026-09-03T17:53:00.945963+00:00,SpaceX,"Mission Integration Engineer, AI (Starshield) - Top Secret Clearance","Hawthorne, CA",🇺🇸 US citizenship required 🔒 clearance required,https://boards.greenhouse.io/spacex/jobs/8569184002?gh_jid=8569184002
2026-09-03T17:53:00.945963+00:00,SpaceX,"Mission Integration Engineer, C3 - Top Secret Clearance","Hawthorne, CA",🇺🇸 US citizenship required 🔒 clearance required,https://boards.greenhouse.io/spacex/jobs/8468689002?gh_jid=8468689002
2026-09-03T17:53:00.945963+00:00,SpaceX,"Mission Integration Engineer, Mission Systems (Starshield)","Hawthorne, CA",🇺🇸 US citizenship required 🔒 clearance required,https://boards.greenhouse.io/spacex/jobs/8626679002?gh_jid=8626679002
2026-09-03T17:53:00.945963+00:00,SpaceX,"Mission Integration Engineer, User Products (Starshield)","Hawthorne, CA",🇺🇸 US citizenship required 🔒 clearance required,https://boards.greenhouse.io/spacex/jobs/8502375002?gh_jid=8502375002
2026-09-03T17:53:00.945963+00:00,SpaceX,"New Graduate Engineer, GNC- '26/'27 (Starlink)","Redmond, WA",🇺🇸 US citizenship required,https://boards.greenhouse.io/spacex/jobs/8696105002?gh_jid=8696105002
2026-09-03T17:53:00.945963+00:00,SpaceX,"New Graduate Engineer, GNC- '26/'27 (Starlink)","Bastrop, TX",🇺🇸 US citizenship required,https://boards.greenhouse.io/spacex/jobs/8696124002?gh_jid=8696124002
2026-09-03T17:53:00.945963+00:00,SpaceX,"New Graduate Engineer, Launch & Test (Starship)","Starbase, TX",🇺🇸 US citizenship required,https://boards.greenhouse.io/spacex/jobs/8578087002?gh_jid=8578087002
2026-09-03T17:53:00.945963+00:00,SpaceX,"New Graduate Engineer, Silicon Engineering","Palo Alto, CA",🇺🇸 US citizenship required,https://boards.greenhouse.io/spacex/jobs/8703552002?gh_jid=8703552002
2026-09-03T17:53:00.945963+00:00,SpaceX,"New Graduate Engineer, Silicon Engineering","Irvine, CA",🇺🇸 US citizenship required,https://boards.greenhouse.io/spacex/jobs/8706884002?gh_jid=8706884002
2026-09-03T17:53:00.945963+00:00,SpaceX,"New Graduate Engineer, Silicon Engineering","Redmond, WA",🇺🇸 US citizenship required,https://boards.greenhouse.io/spacex/jobs/8706885002?gh_jid=8706885002
2026-09-03T17:53:00.945963+00:00,SpaceX,"New Graduate Engineer, Software","Hawthorne, CA",🇺🇸 US citizenship required,https://boards.greenhouse.io/spacex/jobs/8493079002?gh_jid=8493079002
2026-09-03T17:53:00.945963+00:00,SpaceX,"New Graduate Engineer, Software  - '26/'27  (Starlink)","Bastrop, TX",🇺🇸 US citizenship required,https://boards.greenhouse.io/spacex/jobs/8696097002?gh_jid=8696097002
2026-09-03T17:53:00.945963+00:00,SpaceX,"New Graduate Engineer, Software (Application Software)","Hawthorne, CA",🇺🇸 US citizenship required,https://boards.greenhouse.io/spacex/jobs/8730567002?gh_jid=8730567002
2026-09-03T17:53:00.945963+00:00,SpaceX,"New Graduate Engineer, Software (Starship)","Starbase, TX",🇺🇸 US citizenship required,https://boards.greenhouse.io/spacex/jobs/8729121002?gh_jid=8729121002
2026-09-03T17:53:00.945963+00:00,SpaceX,"New Graduate Engineer, Software - '26/'27 (Starlink)","Palo Alto, CA",🇺🇸 US citizenship required,https://boards.greenhouse.io/spacex/jobs/8696080002?gh_jid=8696080002
2026-09-03T17:53:00.945963+00:00,SpaceX,"New Graduate Engineer, Software - '26/'27 (Starlink)","Redmond, WA",🇺🇸 US citizenship required,https://boards.greenhouse.io/spacex/jobs/8696058002?gh_jid=8696058002
2026-09-03T17:53:00.945963+00:00,SpaceX,"New Graduate Engineer, Software Security - '26/'27 (Starlink)","Redmond, WA",🇺🇸 US citizenship required,https://boards.greenhouse.io/spacex/jobs/8696143002?gh_jid=8696143002
2026-09-03T17:53:00.945963+00:00,SpaceX,"New Graduate Engineer, Software Security - '26/'27 (Starlink)","Hawthorne, CA",🇺🇸 US citizenship required,https://boards.greenhouse.io/spacex/jobs/8724316002?gh_jid=8724316002
2026-09-03T17:53:00.945963+00:00,SpaceX,"New Graduate Engineer, Software Security - '26/'27 (Starlink)","Palo Alto, CA",🇺🇸 US citizenship required,https://boards.greenhouse.io/spacex/jobs/8696158002?gh_jid=8696158002
2026-09-03T17:53:00.945963+00:00,SpaceX,"New Graduate Engineer, Software Security - '26/'27 (Starlink)","Bastrop, TX",🇺🇸 US citizenship required,https://boards.greenhouse.io/spacex/jobs/8696156002?gh_jid=8696156002
2026-09-03T17:53:00.945963+00:00,SpaceX,OS/Platform Software Engineer (Starlink)   ,"Redmond, WA",🇺🇸 US citizenship required,https://boards.greenhouse.io/spacex/jobs/8752620002?gh_jid=8752620002
2026-09-03T17:53:00.945963+00:00,SpaceX,"Operations Engineer, Applied AI (Application Software) ","Vandenberg, CA",🇺🇸 US citizenship required,https://boards.greenhouse.io/spacex/jobs/8652304002?gh_jid=8652304002
2026-09-03T17:53:00.945963+00:00,SpaceX,"Operations Engineer, Applied AI (Application Software) ","Redmond, WA",🇺🇸 US citizenship required,https://boards.greenhouse.io/spacex/jobs/8652301002?gh_jid=8652301002
2026-09-03T17:53:00.945963+00:00,SpaceX,"Operations Engineer, Applied AI (Application Software) ","Starbase, TX",🇺🇸 US citizenship required,https://boards.greenhouse.io/spacex/jobs/8652236002?gh_jid=8652236002
2026-09-03T17:53:00.945963+00:00,SpaceX,"Operations Engineer, Applied AI (Application Software) ","McGregor, TX",🇺🇸 US citizenship required,https://boards.greenhouse.io/spacex/jobs/8652296002?gh_jid=8652296002
2026-09-03T17:53:00.945963+00:00,SpaceX,"Operations Engineer, Applied AI (Application Software) ","Bastrop, TX",🇺🇸 US citizenship required,https://boards.greenhouse.io/spacex/jobs/8652235002?gh_jid=8652235002
2026-09-03T17:53:00.945963+00:00,SpaceX,"Operations Engineer, Applied AI (Application Software) ","Hawthorne, CA",🇺🇸 US citizenship required,https://boards.greenhouse.io/spacex/jobs/8652229002?gh_jid=8652229002
2026-09-03T17:53:00.945963+00:00,SpaceX,"Operations Engineer, Facilities (Starlink)","Redmond, WA",🇺🇸 US citizenship required,https://boards.greenhouse.io/spacex/jobs/8634955002?gh_jid=8634955002
2026-09-03T17:53:00.945963+00:00,SpaceX,"Operations Engineer, Starbase Infrastructure","Starbase, TX",🇺🇸 US citizenship required,https://boards.greenhouse.io/spacex/jobs/8780717002?gh_jid=8780717002
2026-09-03T17:53:00.945963+00:00,SpaceX,"Operations Engineer, Supply Chain (Starlink)","Bastrop, TX",🇺🇸 US citizenship required,https://boards.greenhouse.io/spacex/jobs/8571958002?gh_jid=8571958002
2026-09-03T17:53:00.945963+00:00,SpaceX,"Operations Engineer, Supply Chain (Starlink)","Redmond, WA",🇺🇸 US citizenship required,https://boards.greenhouse.io/spacex/jobs/8646650002?gh_jid=8646650002
2026-09-03T17:53:00.945963+00:00,SpaceX,"Platform Engineer, Flight Software (Starlink)","Redmond, WA",🇺🇸 US citizenship required,https://boards.greenhouse.io/spacex/jobs/8692268002?gh_jid=8692268002
2026-09-03T17:53:00.945963+00:00,SpaceX,Power Electronics Engineer - High Voltage (Starlink),"Redmond, WA",🇺🇸 US citizenship required,https://boards.greenhouse.io/spacex/jobs/8635943002?gh_jid=8635943002
2026-09-03T17:53:00.945963+00:00,SpaceX,"Power Electronics Engineer, AI Satellites (Starmind)","Bastrop, TX",🇺🇸 US citizenship required,https://boards.greenhouse.io/spacex/jobs/8639268002?gh_jid=8639268002
2026-09-03T17:53:00.945963+00:00,SpaceX,"Power Electronics Engineer, Satellites (Starlink)","Redmond, WA",🇺🇸 US citizenship required,https://boards.greenhouse.io/spacex/jobs/8534757002?gh_jid=8534757002
2026-09-03T17:53:00.945963+00:00,SpaceX,Power Systems Engineer,"Bastrop, TX",🇺🇸 US citizenship required,https://boards.greenhouse.io/spacex/jobs/8731134002?gh_jid=8731134002
2026-09-03T17:53:00.945963+00:00,SpaceX,Power Systems Engineer (Starship),"Starbase, TX",🇺🇸 US citizenship required,https://boards.greenhouse.io/spacex/jobs/8450056002?gh_jid=8450056002
2026-09-03T17:53:00.945963+00:00,SpaceX,"Process Controls Engineer, Solar Cell Factory (Starlink)","Bastrop, TX",🇺🇸 US citizenship required,https://boards.greenhouse.io/spacex/jobs/8672728002?gh_jid=8672728002
2026-09-03T17:53:00.945963+00:00,SpaceX,"Process Engineer, Machinery & Automation","Hawthorne, CA",🇺🇸 US citizenship required,https://boards.greenhouse.io/spacex/jobs/8659946002?gh_jid=8659946002
2026-09-03T17:53:00.945963+00:00,SpaceX,Product Security Engineer (Starlink),"Redmond, WA",🇺🇸 US citizenship required,https://boards.greenhouse.io/spacex/jobs/8719856002?gh_jid=8719856002
2026-09-03T17:53:00.945963+00:00,SpaceX,Product Security Engineer (Starlink),"Bastrop, TX",🇺🇸 US citizenship required,https://boards.greenhouse.io/spacex/jobs/8719864002?gh_jid=8719864002
2026-09-03T17:53:00.945963+00:00,SpaceX,Product Security Engineer (Starlink),"Hawthorne, CA",🇺🇸 US citizenship required,https://boards.greenhouse.io/spacex/jobs/8719859002?gh_jid=8719859002
2026-09-03T17:53:00.945963+00:00,SpaceX,"Production Engineer, Site Reliability (Application Software)","Hawthorne, CA",🇺🇸 US citizenship required,https://boards.greenhouse.io/spacex/jobs/8649729002?gh_jid=8649729002
2026-09-03T17:53:00.945963+00:00,SpaceX,"Project Engineer, Critical Lift & Transport (Starship)","Starbase, TX",🇺🇸 US citizenship required,https://boards.greenhouse.io/spacex/jobs/8652831002?gh_jid=8652831002
2026-09-03T17:53:00.945963+00:00,SpaceX,Quality Systems Engineer (Starlink),"Bastrop, TX",🇺🇸 US citizenship required,https://boards.greenhouse.io/spacex/jobs/8633640002?gh_jid=8633640002
2026-09-03T17:53:00.945963+00:00,SpaceX,RF Software Engineer (Starlink),"Bastrop, TX",🇺🇸 US citizenship required,https://boards.greenhouse.io/spacex/jobs/8624761002?gh_jid=8624761002
2026-09-03T17:53:00.945963+00:00,SpaceX,RF Software Engineer (Starshield),"Hawthorne, CA",🇺🇸 US citizenship required 🔒 clearance required,https://boards.greenhouse.io/spacex/jobs/8517637002?gh_jid=8517637002
2026-09-03T17:53:00.945963+00:00,SpaceX,"RF/Microwave Engineer, Satellites (Starlink)","Redmond, WA",🇺🇸 US citizenship required,https://boards.greenhouse.io/spacex/jobs/8480418002?gh_jid=8480418002
2026-09-03T17:53:00.945963+00:00,SpaceX,"RFIC Engineer, AI Satellites (Starmind)","Bastrop, TX",🇺🇸 US citizenship required,https://boards.greenhouse.io/spacex/jobs/8697007002?gh_jid=8697007002
2026-09-03T17:53:00.945963+00:00,SpaceX,"Reliability Engineer, Satellite Systems (Starshield)","Hawthorne, CA",🇺🇸 US citizenship required 🔒 clearance required,https://boards.greenhouse.io/spacex/jobs/8652841002?gh_jid=8652841002
2026-09-03T17:53:00.945963+00:00,SpaceX,Satellite On-Orbit Operations Software Engineer (Starlink),"Redmond, WA",🇺🇸 US citizenship required,https://boards.greenhouse.io/spacex/jobs/8706537002?gh_jid=8706537002
2026-09-03T17:53:00.945963+00:00,SpaceX,Satellite Systems Software Engineer (Starlink),"Redmond, WA",🇺🇸 US citizenship required,https://boards.greenhouse.io/spacex/jobs/8751097002?gh_jid=8751097002
2026-09-03T17:53:00.945963+00:00,SpaceX,"Screen Printing Equipment Engineer, Solar Cells (Starlink)","Bastrop, TX",🇺🇸 US citizenship required,https://boards.greenhouse.io/spacex/jobs/8653801002?gh_jid=8653801002
2026-09-03T17:53:00.945963+00:00,SpaceX,Security Engineer,"Hawthorne, CA",🇺🇸 US citizenship required,https://boards.greenhouse.io/spacex/jobs/8567571002?gh_jid=8567571002
2026-09-03T17:53:00.945963+00:00,SpaceX,Security Engineer (Blue Team),"Redmond, WA",🇺🇸 US citizenship required,https://boards.greenhouse.io/spacex/jobs/8611050002?gh_jid=8611050002
2026-09-03T17:53:00.945963+00:00,SpaceX,Security Engineer (Blue Team),"Hawthorne, CA",🇺🇸 US citizenship required,https://boards.greenhouse.io/spacex/jobs/8611223002?gh_jid=8611223002
2026-09-03T17:53:00.945963+00:00,SpaceX,Security Engineer (Detection Engineering),"Redmond, WA",🇺🇸 US citizenship required,https://boards.greenhouse.io/spacex/jobs/8650242002?gh_jid=8650242002
2026-09-03T17:53:00.945963+00:00,SpaceX,Security Engineer (Embedded & Networking),"Hawthorne, CA",🇺🇸 US citizenship required,https://boards.greenhouse.io/spacex/jobs/8593384002?gh_jid=8593384002
2026-09-03T17:53:00.945963+00:00,SpaceX,Security Engineer (Embedded OT),"Hawthorne, CA",🇺🇸 US citizenship required,https://boards.greenhouse.io/spacex/jobs/8593388002?gh_jid=8593388002
2026-09-03T17:53:00.945963+00:00,SpaceX,Security Software Engineer (Starlink),"Hawthorne, CA",🇺🇸 US citizenship required,https://boards.greenhouse.io/spacex/jobs/8719860002?gh_jid=8719860002
2026-09-03T17:53:00.945963+00:00,SpaceX,Security Software Engineer (Starlink),"Bastrop, TX",🇺🇸 US citizenship required,https://boards.greenhouse.io/spacex/jobs/8719865002?gh_jid=8719865002
2026-09-03T17:53:00.945963+00:00,SpaceX,Security Software Engineer (Starlink),"Redmond, WA",🇺🇸 US citizenship required,https://boards.greenhouse.io/spacex/jobs/8719854002?gh_jid=8719854002
2026-09-03T17:53:00.945963+00:00,SpaceX,Security Software Engineer (Starshield),"Hawthorne, CA",🇺🇸 US citizenship required 🔒 clearance required,https://boards.greenhouse.io/spacex/jobs/8738670002?gh_jid=8738670002
2026-09-03T17:53:00.945963+00:00,SpaceX,Security Software Engineer - Top Secret Clearance,"Hawthorne, CA",🇺🇸 US citizenship required 🔒 clearance required,https://boards.greenhouse.io/spacex/jobs/8564158002?gh_jid=8564158002
2026-09-03T17:53:00.945963+00:00,SpaceX,"Signal Integrity Engineer - Serdes, Satellites (Starlink)","Redmond, WA",🇺🇸 US citizenship required,https://boards.greenhouse.io/spacex/jobs/8698729002?gh_jid=8698729002
2026-09-03T17:53:00.945963+00:00,SpaceX,"Signal Integrity Engineer - Serdes, Satellites (Starlink)","Palo Alto, CA",🇺🇸 US citizenship required,https://boards.greenhouse.io/spacex/jobs/8698740002?gh_jid=8698740002
2026-09-03T17:53:00.945963+00:00,SpaceX,Simulation Software Engineer (Application Software),"Hawthorne, CA",🇺🇸 US citizenship required,https://boards.greenhouse.io/spacex/jobs/8488034002?gh_jid=8488034002
2026-09-03T17:53:00.945963+00:00,SpaceX,Site Reliability Engineer (Application Software),"Hawthorne, CA",🇺🇸 US citizenship required,https://boards.greenhouse.io/spacex/jobs/8646146002?gh_jid=8646146002
2026-09-03T17:53:00.945963+00:00,SpaceX,Site Reliability Engineer (Raptor) ,"Hawthorne, CA",🇺🇸 US citizenship required,https://boards.greenhouse.io/spacex/jobs/8633999002?gh_jid=8633999002
2026-09-03T17:53:00.945963+00:00,SpaceX,Site Reliability Engineer (Top Secret Clearance),"Hawthorne, CA",🇺🇸 US citizenship required 🔒 clearance required,https://boards.greenhouse.io/spacex/jobs/8601223002?gh_jid=8601223002
2026-09-03T17:53:00.945963+00:00,SpaceX,Site Reliability Engineer - Top Secret Clearance,"Hawthorne, CA",🇺🇸 US citizenship required 🔒 clearance required,https://boards.greenhouse.io/spacex/jobs/8362795002?gh_jid=8362795002
2026-09-03T17:53:00.945963+00:00,SpaceX,Site Reliability Engineer — HPC & Automation (Silicon Engineering),"Redmond, WA",🇺🇸 US citizenship required,https://boards.greenhouse.io/spacex/jobs/8614963002?gh_jid=8614963002
2026-09-03T17:53:00.945963+00:00,SpaceX,"Site Reliability Engineer, GNC","Hawthorne, CA",🇺🇸 US citizenship required 🔒 clearance required,https://boards.greenhouse.io/spacex/jobs/8527730002?gh_jid=8527730002
2026-09-03T17:53:00.945963+00:00,SpaceX,"Site Reliability Engineer, Kubernetes Platform (Starshield)","Hawthorne, CA",🇺🇸 US citizenship required 🔒 clearance required,https://boards.greenhouse.io/spacex/jobs/8597455002?gh_jid=8597455002
2026-09-03T17:53:00.945963+00:00,SpaceX,"Site Reliability Engineer, Kubernetes Platform (Starshield)","Redmond, WA",🇺🇸 US citizenship required 🔒 clearance required,https://boards.greenhouse.io/spacex/jobs/8597472002?gh_jid=8597472002
2026-09-03T17:53:00.945963+00:00,SpaceX,Software Engineer,"McGregor, TX",🇺🇸 US citizenship required,https://boards.greenhouse.io/spacex/jobs/8563110002?gh_jid=8563110002
2026-09-03T17:53:00.945963+00:00,SpaceX,Software Engineer,"Starbase, TX",🇺🇸 US citizenship required,https://boards.greenhouse.io/spacex/jobs/8726545002?gh_jid=8726545002
2026-09-03T17:53:00.945963+00:00,SpaceX,Software Engineer,"Bastrop, TX",🇺🇸 US citizenship required,https://boards.greenhouse.io/spacex/jobs/8756081002?gh_jid=8756081002
2026-09-03T17:53:00.945963+00:00,SpaceX,Software Engineer (Application Software),"Hawthorne, CA",🇺🇸 US citizenship required,https://boards.greenhouse.io/spacex/jobs/8731256002?gh_jid=8731256002
2026-09-03T17:53:00.945963+00:00,SpaceX,Software Engineer (Components),"Hawthorne, CA",🇺🇸 US citizenship required,https://boards.greenhouse.io/spacex/jobs/8557032002?gh_jid=8557032002
2026-09-03T17:53:00.945963+00:00,SpaceX,Software Engineer (Flight Reliability),"Hawthorne, CA",🇺🇸 US citizenship required,https://boards.greenhouse.io/spacex/jobs/8512876002?gh_jid=8512876002
2026-09-03T17:53:00.945963+00:00,SpaceX,Software Engineer (Platform Team),"Sunnyvale, CA",🇺🇸 US citizenship required,https://boards.greenhouse.io/spacex/jobs/8558858002?gh_jid=8558858002
2026-09-03T17:53:00.945963+00:00,SpaceX,Software Engineer (Platform Team),"Redmond, WA",🇺🇸 US citizenship required,https://boards.greenhouse.io/spacex/jobs/8558857002?gh_jid=8558857002
2026-09-03T17:53:00.945963+00:00,SpaceX,Software Engineer (Platform Team),"Hawthorne, CA",🇺🇸 US citizenship required,https://boards.greenhouse.io/spacex/jobs/8495882002?gh_jid=8495882002
2026-09-03T17:53:00.945963+00:00,SpaceX,Software Engineer (Platform Team),"Palo Alto, CA",🇺🇸 US citizenship required,https://boards.greenhouse.io/spacex/jobs/8558859002?gh_jid=8558859002
2026-09-03T17:53:00.945963+00:00,SpaceX,Software Engineer (Platform Team),"Starbase, TX",🇺🇸 US citizenship required,https://boards.greenhouse.io/spacex/jobs/8560537002?gh_jid=8560537002
2026-09-03T17:53:00.945963+00:00,SpaceX,Software Engineer (Platform Team),"Bastrop, TX",🇺🇸 US citizenship required,https://boards.greenhouse.io/spacex/jobs/8560546002?gh_jid=8560546002
2026-09-03T17:53:00.945963+00:00,SpaceX,Software Engineer (Special Projects) - Top Secret Clearance,"Hawthorne, CA",🇺🇸 US citizenship required 🔒 clearance required,https://boards.greenhouse.io/spacex/jobs/8568970002?gh_jid=8568970002
2026-09-03T17:53:00.945963+00:00,SpaceX,Software Engineer (Starfall),"Hawthorne, CA",🇺🇸 US citizenship required,https://boards.greenhouse.io/spacex/jobs/8642274002?gh_jid=8642274002
2026-09-03T17:53:00.945963+00:00,SpaceX,Software Engineer (Starlink Enterprise),"Palo Alto, CA",🇺🇸 US citizenship required,https://boards.greenhouse.io/spacex/jobs/8586637002?gh_jid=8586637002
2026-09-03T17:53:00.945963+00:00,SpaceX,Software Engineer (Starlink Mobile),"Redmond, WA",🇺🇸 US citizenship required,https://boards.greenhouse.io/spacex/jobs/8568939002?gh_jid=8568939002
2026-09-03T17:53:00.945963+00:00,SpaceX,Software Engineer (Starlink Mobile) ,"Sunnyvale, CA",🇺🇸 US citizenship required,https://boards.greenhouse.io/spacex/jobs/8567634002?gh_jid=8567634002
2026-09-03T17:53:00.945963+00:00,SpaceX,Software Engineer (Starlink),"Hawthorne, CA",🇺🇸 US citizenship required,https://boards.greenhouse.io/spacex/jobs/8706510002?gh_jid=8706510002
2026-09-03T17:53:00.945963+00:00,SpaceX,Software Engineer (Starlink),"Redmond, WA",🇺🇸 US citizenship required,https://boards.greenhouse.io/spacex/jobs/8525359002?gh_jid=8525359002
2026-09-03T17:53:00.945963+00:00,SpaceX,Software Engineer (Starlink),"Redmond, WA",🇺🇸 US citizenship required,https://boards.greenhouse.io/spacex/jobs/8584271002?gh_jid=8584271002
2026-09-03T17:53:00.945963+00:00,SpaceX,Software Engineer (Starlink) ,"Redmond, WA",🇺🇸 US citizenship required,https://boards.greenhouse.io/spacex/jobs/8569790002?gh_jid=8569790002
2026-09-03T17:53:00.945963+00:00,SpaceX,Software Engineer (Starlink/Akoustis),"Canandaigua, NY ",🇺🇸 US citizenship required,https://boards.greenhouse.io/spacex/jobs/8696779002?gh_jid=8696779002
2026-09-03T17:53:00.945963+00:00,SpaceX,Software Engineer (Starshield),"Redmond, WA",🇺🇸 US citizenship required 🔒 clearance required,https://boards.greenhouse.io/spacex/jobs/8501199002?gh_jid=8501199002
2026-09-03T17:53:00.945963+00:00,SpaceX,Software Engineer (Starshield),"Hawthorne, CA",🇺🇸 US citizenship required 🔒 clearance required,https://boards.greenhouse.io/spacex/jobs/8605075002?gh_jid=8605075002
2026-09-03T17:53:00.945963+00:00,SpaceX,Software Engineer (Starshield) - Top Secret Clearance,"Hawthorne, CA",🇺🇸 US citizenship required 🔒 clearance required,https://boards.greenhouse.io/spacex/jobs/8621649002?gh_jid=8621649002
2026-09-03T17:53:00.945963+00:00,SpaceX,Software Engineer (Starship),"Starbase, TX",🇺🇸 US citizenship required,https://boards.greenhouse.io/spacex/jobs/8569125002?gh_jid=8569125002
2026-09-03T17:53:00.945963+00:00,SpaceX,Software Engineer (Starship),"Hawthorne, CA",🇺🇸 US citizenship required,https://boards.greenhouse.io/spacex/jobs/8569160002?gh_jid=8569160002
2026-09-03T17:53:00.945963+00:00,SpaceX,Software Engineer - Simulation & Flight Systems,"Hawthorne, CA",🇺🇸 US citizenship required 🔒 clearance required,https://boards.greenhouse.io/spacex/jobs/8735368002?gh_jid=8735368002
2026-09-03T17:53:00.945963+00:00,SpaceX,"Software Engineer, AI Satellites (Starmind)","Bastrop, TX",🇺🇸 US citizenship required,https://boards.greenhouse.io/spacex/jobs/8676015002?gh_jid=8676015002
2026-09-03T17:53:00.945963+00:00,SpaceX,"Software Engineer, Applied AI (Starlink) ","Redmond, WA",🇺🇸 US citizenship required,https://boards.greenhouse.io/spacex/jobs/8637712002?gh_jid=8637712002
2026-09-03T17:53:00.945963+00:00,SpaceX,"Software Engineer, Backend (C/C++)","Hawthorne, CA",🇺🇸 US citizenship required,https://boards.greenhouse.io/spacex/jobs/8672397002?gh_jid=8672397002
2026-09-03T17:53:00.945963+00:00,SpaceX,"Software Engineer, Beam Planning (Starlink)   ","Palo Alto, CA",🇺🇸 US citizenship required,https://boards.greenhouse.io/spacex/jobs/8578907002?gh_jid=8578907002
2026-09-03T17:53:00.945963+00:00,SpaceX,"Software Engineer, Beam Planning (Starlink)   ","Redmond, WA",🇺🇸 US citizenship required,https://boards.greenhouse.io/spacex/jobs/8578929002?gh_jid=8578929002
2026-09-03T17:53:00.945963+00:00,SpaceX,"Software Engineer, C++ (Dragon)","Hawthorne, CA",🇺🇸 US citizenship required,https://boards.greenhouse.io/spacex/jobs/8601802002?gh_jid=8601802002
2026-09-03T17:53:00.945963+00:00,SpaceX,"Software Engineer, C++ (Raptor) ","Hawthorne, CA",🇺🇸 US citizenship required,https://boards.greenhouse.io/spacex/jobs/8598038002?gh_jid=8598038002
2026-09-03T17:53:00.945963+00:00,SpaceX,"Software Engineer, C++ (Simulations)","Hawthorne, CA",🇺🇸 US citizenship required,https://boards.greenhouse.io/spacex/jobs/8603609002?gh_jid=8603609002
2026-09-03T17:53:00.945963+00:00,SpaceX,"Software Engineer, C++ (Starlink)","Sunnyvale, CA",🇺🇸 US citizenship required,https://boards.greenhouse.io/spacex/jobs/8451960002?gh_jid=8451960002
2026-09-03T17:53:00.945963+00:00,SpaceX,"Software Engineer, C++ (Starlink)","Redmond, WA",🇺🇸 US citizenship required,https://boards.greenhouse.io/spacex/jobs/8477124002?gh_jid=8477124002
2026-09-03T17:53:00.945963+00:00,SpaceX,"Software Engineer, C++ Simulations (Starlink) ","Redmond, WA",🇺🇸 US citizenship required,https://boards.greenhouse.io/spacex/jobs/8682197002?gh_jid=8682197002
2026-09-03T17:53:00.945963+00:00,SpaceX,"Software Engineer, CDN (Starlink)","Redmond, WA",🇺🇸 US citizenship required,https://boards.greenhouse.io/spacex/jobs/8632172002?gh_jid=8632172002
2026-09-03T17:53:00.945963+00:00,SpaceX,"Software Engineer, CDN (Starlink)","Palo Alto, CA",🇺🇸 US citizenship required,https://boards.greenhouse.io/spacex/jobs/8656579002?gh_jid=8656579002
2026-09-03T17:53:00.945963+00:00,SpaceX,"Software Engineer, CDN (Starlink)","Hawthorne, CA",🇺🇸 US citizenship required,https://boards.greenhouse.io/spacex/jobs/8756159002?gh_jid=8756159002
2026-09-03T17:53:00.945963+00:00,SpaceX,"Software Engineer, Collision Avoidance (Starshield)","Hawthorne, CA",🇺🇸 US citizenship required 🔒 clearance required,https://boards.greenhouse.io/spacex/jobs/8749208002?gh_jid=8749208002
2026-09-03T17:53:00.945963+00:00,SpaceX,"Software Engineer, Components (Starshield)","Hawthorne, CA",🇺🇸 US citizenship required,https://boards.greenhouse.io/spacex/jobs/8625617002?gh_jid=8625617002
2026-09-03T17:53:00.945963+00:00,SpaceX,"Software Engineer, Components Test (Starshield)","Hawthorne, CA",🇺🇸 US citizenship required,https://boards.greenhouse.io/spacex/jobs/8625615002?gh_jid=8625615002
2026-09-03T17:53:00.945963+00:00,SpaceX,"Software Engineer, Continuous Integration (Starship)","Hawthorne, CA",🇺🇸 US citizenship required,https://boards.greenhouse.io/spacex/jobs/8533853002?gh_jid=8533853002
2026-09-03T17:53:00.945963+00:00,SpaceX,"Software Engineer, Continuous Integration (Starship)","Starbase, TX",🇺🇸 US citizenship required,https://boards.greenhouse.io/spacex/jobs/8533859002?gh_jid=8533859002
2026-09-03T17:53:00.945963+00:00,SpaceX,"Software Engineer, Data (Starlink)","Hawthorne, CA",🇺🇸 US citizenship required,https://boards.greenhouse.io/spacex/jobs/8631217002?gh_jid=8631217002
2026-09-03T17:53:00.945963+00:00,SpaceX,"Software Engineer, Data - Top Secret Clearance (Starlink)","Hawthorne, CA",🇺🇸 US citizenship required 🔒 clearance required,https://boards.greenhouse.io/spacex/jobs/8640537002?gh_jid=8640537002
2026-09-03T17:53:00.945963+00:00,SpaceX,"Software Engineer, Design Engineering (Starlink) ","Redmond, WA",🇺🇸 US citizenship required,https://boards.greenhouse.io/spacex/jobs/8637713002?gh_jid=8637713002
2026-09-03T17:53:00.945963+00:00,SpaceX,"Software Engineer, Design Software (Starship)","Hawthorne, CA",🇺🇸 US citizenship required,https://boards.greenhouse.io/spacex/jobs/8466905002?gh_jid=8466905002
2026-09-03T17:53:00.945963+00:00,SpaceX,"Software Engineer, Design Software (Starship)","Starbase, TX",🇺🇸 US citizenship required,https://boards.greenhouse.io/spacex/jobs/8466837002?gh_jid=8466837002
2026-09-03T17:53:00.945963+00:00,SpaceX,"Software Engineer, DevOps (Starlink)","Redmond, WA",🇺🇸 US citizenship required,https://boards.greenhouse.io/spacex/jobs/8573204002?gh_jid=8573204002
2026-09-03T17:53:00.945963+00:00,SpaceX,"Software Engineer, Development Test (Starlink)","Redmond, WA",🇺🇸 US citizenship required,https://boards.greenhouse.io/spacex/jobs/8532395002?gh_jid=8532395002
2026-09-03T17:53:00.945963+00:00,SpaceX,"Software Engineer, Embedded Software (Starlink)","Redmond, WA",🇺🇸 US citizenship required,https://boards.greenhouse.io/spacex/jobs/8752598002?gh_jid=8752598002
2026-09-03T17:53:00.945963+00:00,SpaceX,"Software Engineer, Embedded Software (Starshield)","Hawthorne, CA",🇺🇸 US citizenship required 🔒 clearance required,https://boards.greenhouse.io/spacex/jobs/8436708002?gh_jid=8436708002
2026-09-03T17:53:00.945963+00:00,SpaceX,"Software Engineer, Engineering Simulation & Automation (Vehicle Engineering)","Hawthorne, CA",🇺🇸 US citizenship required,https://boards.greenhouse.io/spacex/jobs/8559054002?gh_jid=8559054002
2026-09-03T17:53:00.945963+00:00,SpaceX,"Software Engineer, Flight Software (Starlink)","Redmond, WA",🇺🇸 US citizenship required,https://boards.greenhouse.io/spacex/jobs/8752581002?gh_jid=8752581002
2026-09-03T17:53:00.945963+00:00,SpaceX,"Software Engineer, Flight Software (Starship)","Starbase, TX",🇺🇸 US citizenship required,https://boards.greenhouse.io/spacex/jobs/8562284002?gh_jid=8562284002
2026-09-03T17:53:00.945963+00:00,SpaceX,"Software Engineer, Flight Software (Starship)","Hawthorne, CA",🇺🇸 US citizenship required,https://boards.greenhouse.io/spacex/jobs/8562450002?gh_jid=8562450002
2026-09-03T17:53:00.945963+00:00,SpaceX,"Software Engineer, Flight Software C++ (Starshield)","Hawthorne, CA",🇺🇸 US citizenship required 🔒 clearance required,https://boards.greenhouse.io/spacex/jobs/8593183002?gh_jid=8593183002
2026-09-03T17:53:00.945963+00:00,SpaceX,"Software Engineer, HITL - Top Secret Clearance","Hawthorne, CA",🇺🇸 US citizenship required 🔒 clearance required,https://boards.greenhouse.io/spacex/jobs/8749210002?gh_jid=8749210002
2026-09-03T17:53:00.945963+00:00,SpaceX,"Software Engineer, High Performance Computing","Hawthorne, CA",🇺🇸 US citizenship required 🔒 clearance required,https://boards.greenhouse.io/spacex/jobs/8621463002?gh_jid=8621463002
2026-09-03T17:53:00.945963+00:00,SpaceX,"Software Engineer, High Performance Computing (Starlink)","Palo Alto, CA",🇺🇸 US citizenship required,https://boards.greenhouse.io/spacex/jobs/8578909002?gh_jid=8578909002
2026-09-03T17:53:00.945963+00:00,SpaceX,"Software Engineer, High Performance Computing (Starlink)","Redmond, WA",🇺🇸 US citizenship required,https://boards.greenhouse.io/spacex/jobs/8578931002?gh_jid=8578931002
2026-09-03T17:53:00.945963+00:00,SpaceX,"Software Engineer, Inference (AI Data Engineering)","Palo Alto, CA",🇺🇸 US citizenship required,https://boards.greenhouse.io/spacex/jobs/8717350002?gh_jid=8717350002
2026-09-03T17:53:00.945963+00:00,SpaceX,"Software Engineer, Low Latency Computing (Starlink)   ","Palo Alto, CA",🇺🇸 US citizenship required,https://boards.greenhouse.io/spacex/jobs/8578910002?gh_jid=8578910002
2026-09-03T17:53:00.945963+00:00,SpaceX,"Software Engineer, Low Latency Computing (Starlink)   ","Redmond, WA",🇺🇸 US citizenship required,https://boards.greenhouse.io/spacex/jobs/8578923002?gh_jid=8578923002
2026-09-03T17:53:00.945963+00:00,SpaceX,"Software Engineer, Mobile Apps (Starlink) ","Redmond, WA",🇺🇸 US citizenship required,https://boards.greenhouse.io/spacex/jobs/8637756002?gh_jid=8637756002
2026-09-03T17:53:00.945963+00:00,SpaceX,"Software Engineer, Network Observability (Starlink)","Hawthorne, CA",🇺🇸 US citizenship required,https://boards.greenhouse.io/spacex/jobs/8577262002?gh_jid=8577262002
2026-09-03T17:53:00.945963+00:00,SpaceX,"Software Engineer, Platform / Infrastructure (Starlink) ","Palo Alto, CA",🇺🇸 US citizenship required,https://boards.greenhouse.io/spacex/jobs/8632322002?gh_jid=8632322002
2026-09-03T17:53:00.945963+00:00,SpaceX,"Software Engineer, Power Optimization (Starlink) ","Redmond, WA",🇺🇸 US citizenship required,https://boards.greenhouse.io/spacex/jobs/8647459002?gh_jid=8647459002
2026-09-03T17:53:00.945963+00:00,SpaceX,"Software Engineer, Product Development (Starshield)","Hawthorne, CA",🇺🇸 US citizenship required 🔒 clearance required,https://boards.greenhouse.io/spacex/jobs/8436728002?gh_jid=8436728002
2026-09-03T17:53:00.945963+00:00,SpaceX,"Software Engineer, Product Development (Starshield)","Hawthorne, CA",🇺🇸 US citizenship required 🔒 clearance required,https://boards.greenhouse.io/spacex/jobs/8621621002?gh_jid=8621621002
2026-09-03T17:53:00.945963+00:00,SpaceX,"Software Engineer, Satellite Systems (Starshield)","Hawthorne, CA",🇺🇸 US citizenship required 🔒 clearance required,https://boards.greenhouse.io/spacex/jobs/8621508002?gh_jid=8621508002
2026-09-03T17:53:00.945963+00:00,SpaceX,"Software Engineer, Simulation","Hawthorne, CA",🇺🇸 US citizenship required,https://boards.greenhouse.io/spacex/jobs/8695142002?gh_jid=8695142002
2026-09-03T17:53:00.945963+00:00,SpaceX,"Software Engineer, Simulations (Application Software)","Hawthorne, CA",🇺🇸 US citizenship required,https://boards.greenhouse.io/spacex/jobs/8487534002?gh_jid=8487534002
2026-09-03T17:53:00.945963+00:00,SpaceX,"Software Engineer, Site Reliability Engineering (Application Software)","Hawthorne, CA",🇺🇸 US citizenship required,https://boards.greenhouse.io/spacex/jobs/8647095002?gh_jid=8647095002
2026-09-03T17:53:00.945963+00:00,SpaceX,"Software Engineer, Starlink Enterprise Products (Space Lasers)","Redmond, WA",🇺🇸 US citizenship required,https://boards.greenhouse.io/spacex/jobs/8715839002?gh_jid=8715839002
2026-09-03T17:53:00.945963+00:00,SpaceX,"Software Engineer, Starlink Network","Sunnyvale, CA",🇺🇸 US citizenship required,https://boards.greenhouse.io/spacex/jobs/8458001002?gh_jid=8458001002
2026-09-03T17:53:00.945963+00:00,SpaceX,"Software Engineer, Starlink Network","Redmond, WA",🇺🇸 US citizenship required,https://boards.greenhouse.io/spacex/jobs/8477137002?gh_jid=8477137002
2026-09-03T17:53:00.945963+00:00,SpaceX,"Software Engineer, Starlink UX (Starlink) ","Redmond, WA",🇺🇸 US citizenship required,https://boards.greenhouse.io/spacex/jobs/8637755002?gh_jid=8637755002
2026-09-03T17:53:00.945963+00:00,SpaceX,"Software Engineer, Telemetry (Starlink)","Hawthorne, CA",🇺🇸 US citizenship required,https://boards.greenhouse.io/spacex/jobs/8631930002?gh_jid=8631930002
2026-09-03T17:53:00.945963+00:00,SpaceX,"Software Engineer, Telemetry (Starlink)","Redmond, WA",🇺🇸 US citizenship required,https://boards.greenhouse.io/spacex/jobs/8656526002?gh_jid=8656526002
2026-09-03T17:53:00.945963+00:00,SpaceX,"Software Engineer, Telemetry - Top Secret Clearance (Starlink)","Hawthorne, CA",🇺🇸 US citizenship required 🔒 clearance required,https://boards.greenhouse.io/spacex/jobs/8656274002?gh_jid=8656274002
2026-09-03T17:53:00.945963+00:00,SpaceX,"Software Engineer, Test Infrastructure (Application Software)","Hawthorne, CA",🇺🇸 US citizenship required,https://boards.greenhouse.io/spacex/jobs/8585072002?gh_jid=8585072002
2026-09-03T17:53:00.945963+00:00,SpaceX,"Software Engineer, Test Infrastructure (C/C++)","Hawthorne, CA",🇺🇸 US citizenship required,https://boards.greenhouse.io/spacex/jobs/8637049002?gh_jid=8637049002
2026-09-03T17:53:00.945963+00:00,SpaceX,"Software Engineer, Tracking (Starshield)","Hawthorne, CA",🇺🇸 US citizenship required 🔒 clearance required,https://boards.greenhouse.io/spacex/jobs/8749199002?gh_jid=8749199002
2026-09-03T17:53:00.945963+00:00,SpaceX,"Software Engineer, Vehicle Operations (Starshield)","Hawthorne, CA",🇺🇸 US citizenship required 🔒 clearance required,https://boards.greenhouse.io/spacex/jobs/8609228002?gh_jid=8609228002
2026-09-03T17:53:00.945963+00:00,SpaceX,Software Infrastructure Engineer (Starlink),"Redmond, WA",🇺🇸 US citizenship required,https://boards.greenhouse.io/spacex/jobs/8573279002?gh_jid=8573279002
2026-09-03T17:53:00.945963+00:00,SpaceX,Software Infrastructure Engineer (Starlink),"Palo Alto, CA",🇺🇸 US citizenship required,https://boards.greenhouse.io/spacex/jobs/8584920002?gh_jid=8584920002
2026-09-03T17:53:00.945963+00:00,SpaceX,"Software Infrastructure Engineer, Flight Software (Starlink)","Redmond, WA",🇺🇸 US citizenship required,https://boards.greenhouse.io/spacex/jobs/8692270002?gh_jid=8692270002
2026-09-03T17:53:00.945963+00:00,SpaceX,"Space Lasers Engineer, Satellites (Starlink)","Redmond, WA",🇺🇸 US citizenship required,https://boards.greenhouse.io/spacex/jobs/8656960002?gh_jid=8656960002
2026-09-03T17:53:00.945963+00:00,SpaceX,"Sr. AI Engineer, Platform Infrastructure, Special Programs","Palo Alto, CA",🇺🇸 US citizenship required 🔒 clearance required,https://boards.greenhouse.io/spacex/jobs/8557126002?gh_jid=8557126002
2026-09-03T17:53:00.945963+00:00,SpaceX,"Sr. AI Engineer, Special Programs","Palo Alto, CA",🇺🇸 US citizenship required 🔒 clearance required,https://boards.greenhouse.io/spacex/jobs/8557060002?gh_jid=8557060002
2026-09-03T17:53:00.945963+00:00,SpaceX,"Sr. AI Engineer, Special Programs - Top Secret Clearance","Palo Alto, CA",🇺🇸 US citizenship required 🔒 clearance required,https://boards.greenhouse.io/spacex/jobs/8557093002?gh_jid=8557093002
2026-09-03T17:53:00.945963+00:00,SpaceX,"Sr. Antenna Engineer, Satellites (Starlink)","Redmond, WA",🇺🇸 US citizenship required,https://boards.greenhouse.io/spacex/jobs/8497552002?gh_jid=8497552002
2026-09-03T17:53:00.945963+00:00,SpaceX,Sr. Application Security Engineer   ,"Redmond, WA",🇺🇸 US citizenship required,https://boards.greenhouse.io/spacex/jobs/8624695002?gh_jid=8624695002
2026-09-03T17:53:00.945963+00:00,SpaceX,Sr. Application Software Engineer,"Starbase, TX",🇺🇸 US citizenship required,https://boards.greenhouse.io/spacex/jobs/8611181002?gh_jid=8611181002
2026-09-03T17:53:00.945963+00:00,SpaceX,Sr. Application Software Engineer,"Hawthorne, CA",🇺🇸 US citizenship required,https://boards.greenhouse.io/spacex/jobs/8594168002?gh_jid=8594168002
2026-09-03T17:53:00.945963+00:00,SpaceX,Sr. Application Software Engineer,"Bastrop, TX",🇺🇸 US citizenship required,https://boards.greenhouse.io/spacex/jobs/8612668002?gh_jid=8612668002
2026-09-03T17:53:00.945963+00:00,SpaceX,"Sr. Automation & Controls Engineer, Infrastructure & Utility (Starship)","Starbase, TX",🇺🇸 US citizenship required,https://boards.greenhouse.io/spacex/jobs/8743394002?gh_jid=8743394002
2026-09-03T17:53:00.945963+00:00,SpaceX,"Sr. Automation & Controls Engineer, Solar Cell Factory","Bastrop, TX",🇺🇸 US citizenship required,https://boards.greenhouse.io/spacex/jobs/8569381002?gh_jid=8569381002
2026-09-03T17:53:00.945963+00:00,SpaceX,"Sr. Automation Engineer, Blades and Vanes Foundry","Bastrop, TX",🇺🇸 US citizenship required,https://boards.greenhouse.io/spacex/jobs/8497668002?gh_jid=8497668002
2026-09-03T17:53:00.945963+00:00,SpaceX,"Sr. Automation and Controls Engineer, Satellites (Starlink)","Redmond, WA",🇺🇸 US citizenship required,https://boards.greenhouse.io/spacex/jobs/8692083002?gh_jid=8692083002
2026-09-03T17:53:00.945963+00:00,SpaceX,"Sr. Aviation Development Engineer, Networking (Starlink)","Woodinville, WA",🇺🇸 US citizenship required,https://boards.greenhouse.io/spacex/jobs/8731935002?gh_jid=8731935002
2026-09-03T17:53:00.945963+00:00,SpaceX,"Sr. Aviation Development Engineer, Networking (Starlink)","Bastrop, TX",🇺🇸 US citizenship required,https://boards.greenhouse.io/spacex/jobs/8731937002?gh_jid=8731937002
2026-09-03T17:53:00.945963+00:00,SpaceX,"Sr. CAM Engineer, PCB (STARLINK)","Bastrop, TX",🇺🇸 US citizenship required,https://boards.greenhouse.io/spacex/jobs/8603028002?gh_jid=8603028002
2026-09-03T17:53:00.945963+00:00,SpaceX,Sr. DSP Systems Engineer (Silicon Engineering),"Palo Alto, CA",🇺🇸 US citizenship required,https://boards.greenhouse.io/spacex/jobs/8703186002?gh_jid=8703186002
2026-09-03T17:53:00.945963+00:00,SpaceX,Sr. DSP Systems Engineer (Silicon Engineering),"Irvine, CA",🇺🇸 US citizenship required,https://boards.greenhouse.io/spacex/jobs/8700965002?gh_jid=8700965002
2026-09-03T17:53:00.945963+00:00,SpaceX,"Sr. Data Engineer, Ground Network Engineering (Business Analytics)","Redmond, WA",🇺🇸 US citizenship required,https://boards.greenhouse.io/spacex/jobs/8482128002?gh_jid=8482128002
2026-09-03T17:53:00.945963+00:00,SpaceX,Sr. Embedded Security Engineer (Starlink),"Redmond, WA",🇺🇸 US citizenship required,https://boards.greenhouse.io/spacex/jobs/8624708002?gh_jid=8624708002
2026-09-03T17:53:00.945963+00:00,SpaceX,Sr. Embedded Security Engineer (Starlink) ,"Bastrop, TX",🇺🇸 US citizenship required,https://boards.greenhouse.io/spacex/jobs/8624866002?gh_jid=8624866002
2026-09-03T17:53:00.945963+00:00,SpaceX,Sr. Embedded Software Engineer (Starlink)   ,"Bastrop, TX",🇺🇸 US citizenship required,https://boards.greenhouse.io/spacex/jobs/8716175002?gh_jid=8716175002
2026-09-03T17:53:00.945963+00:00,SpaceX,"Sr. Embedded Software Engineer, Laser Mesh Routing (Starlink)   ","Redmond, WA",🇺🇸 US citizenship required,https://boards.greenhouse.io/spacex/jobs/8579133002?gh_jid=8579133002
2026-09-03T17:53:00.945963+00:00,SpaceX,"Sr. Embedded Software Engineer, Laser Mesh Routing (Starlink)   ","Palo Alto, CA",🇺🇸 US citizenship required,https://boards.greenhouse.io/spacex/jobs/8579132002?gh_jid=8579132002
2026-09-03T17:53:00.945963+00:00,SpaceX,"Sr. Embedded Software Engineer, OS/Platform (Starlink)","Bastrop, TX",🇺🇸 US citizenship required,https://boards.greenhouse.io/spacex/jobs/8567575002?gh_jid=8567575002
2026-09-03T17:53:00.945963+00:00,SpaceX,"Sr. Facilities Engineer, Solar Cell Factory (Starlink)","Bastrop, TX",🇺🇸 US citizenship required,https://boards.greenhouse.io/spacex/jobs/8524824002?gh_jid=8524824002
2026-09-03T17:53:00.945963+00:00,SpaceX,"Sr. Failure Analysis Engineer, Microelectronics (Starlink) ","Bastrop, TX",🇺🇸 US citizenship required,https://boards.greenhouse.io/spacex/jobs/8769926002?gh_jid=8769926002
2026-09-03T17:53:00.945963+00:00,SpaceX,"Sr. Fluids Systems Engineer, Solar Cell Factory (Starlink)","Bastrop, TX",🇺🇸 US citizenship required,https://boards.greenhouse.io/spacex/jobs/8449709002?gh_jid=8449709002
2026-09-03T17:53:00.945963+00:00,SpaceX,Sr. Full Stack Engineer (Application Software),"Bastrop, TX",🇺🇸 US citizenship required,https://boards.greenhouse.io/spacex/jobs/8663952002?gh_jid=8663952002
2026-09-03T17:53:00.945963+00:00,SpaceX,Sr. Full Stack Engineer (Application Software),"Hawthorne, CA",🇺🇸 US citizenship required,https://boards.greenhouse.io/spacex/jobs/8594457002?gh_jid=8594457002
2026-09-03T17:53:00.945963+00:00,SpaceX,Sr. Full Stack Engineer (Application Software),"Starbase, TX",🇺🇸 US citizenship required,https://boards.greenhouse.io/spacex/jobs/8650986002?gh_jid=8650986002
2026-09-03T17:53:00.945963+00:00,SpaceX,"Sr. Full Stack Engineer, Developer Systems ","Hawthorne, CA",🇺🇸 US citizenship required,https://boards.greenhouse.io/spacex/jobs/8769502002?gh_jid=8769502002
2026-09-03T17:53:00.945963+00:00,SpaceX,"Sr. Full Stack Engineer, Employee Experience ","Hawthorne, CA",🇺🇸 US citizenship required,https://boards.greenhouse.io/spacex/jobs/8649509002?gh_jid=8649509002
2026-09-03T17:53:00.945963+00:00,SpaceX,"Sr. Full Stack Engineer, Finance  ","Hawthorne, CA",🇺🇸 US citizenship required,https://boards.greenhouse.io/spacex/jobs/8692498002?gh_jid=8692498002
2026-09-03T17:53:00.945963+00:00,SpaceX,"Sr. Full Stack Engineer, Internal Systems","Hawthorne, CA",🇺🇸 US citizenship required,https://boards.greenhouse.io/spacex/jobs/8675900002?gh_jid=8675900002
2026-09-03T17:53:00.945963+00:00,SpaceX,"Sr. Full Stack Engineer, Internal Systems","Bastrop, TX",🇺🇸 US citizenship required,https://boards.greenhouse.io/spacex/jobs/8696900002?gh_jid=8696900002
2026-09-03T17:53:00.945963+00:00,SpaceX,Sr. Full Stack Software Engineer (Components),"Hawthorne, CA",🇺🇸 US citizenship required,https://boards.greenhouse.io/spacex/jobs/8628284002?gh_jid=8628284002
2026-09-03T17:53:00.945963+00:00,SpaceX,Sr. Full Stack Software Engineer (Starlink),"Palo Alto, CA",🇺🇸 US citizenship required,https://boards.greenhouse.io/spacex/jobs/8505483002?gh_jid=8505483002
2026-09-03T17:53:00.945963+00:00,SpaceX,Sr. High Performance Computing (HPC) Systems Engineer,"Hawthorne, CA",🇺🇸 US citizenship required 🔒 clearance required,https://boards.greenhouse.io/spacex/jobs/8627593002?gh_jid=8627593002
2026-09-03T17:53:00.945963+00:00,SpaceX,Sr. High Performance Computing (HPC) Systems Engineer,"Starbase, TX",🇺🇸 US citizenship required 🔒 clearance required,https://boards.greenhouse.io/spacex/jobs/8627595002?gh_jid=8627595002
2026-09-03T17:53:00.945963+00:00,SpaceX,"Sr. IC Packaging Test Engineer, Silicon Technology (Starlink)","Bastrop, TX",🇺🇸 US citizenship required,https://boards.greenhouse.io/spacex/jobs/8701719002?gh_jid=8701719002
2026-09-03T17:53:00.945963+00:00,SpaceX,"Sr. Instrumentation & Controls Engineer, Solar Cell Factory (Starlink)","Bastrop, TX",🇺🇸 US citizenship required,https://boards.greenhouse.io/spacex/jobs/8493014002?gh_jid=8493014002
2026-09-03T17:53:00.945963+00:00,SpaceX,Sr. Kubernetes Platform Site Reliability Engineer (Starlink) ,"Redmond, WA",🇺🇸 US citizenship required,https://boards.greenhouse.io/spacex/jobs/8573253002?gh_jid=8573253002
2026-09-03T17:53:00.945963+00:00,SpaceX,"Sr. NDE Engineer, Radiography Testing","Hawthorne, CA",🇺🇸 US citizenship required,https://boards.greenhouse.io/spacex/jobs/8501154002?gh_jid=8501154002
2026-09-03T17:53:00.945963+00:00,SpaceX,Sr. Network Security Engineer,"Redmond, WA",🇺🇸 US citizenship required,https://boards.greenhouse.io/spacex/jobs/8627630002?gh_jid=8627630002
2026-09-03T17:53:00.945963+00:00,SpaceX,Sr. Network Security Engineer,"Hawthorne, CA",🇺🇸 US citizenship required,https://boards.greenhouse.io/spacex/jobs/8626661002?gh_jid=8626661002
2026-09-03T17:53:00.945963+00:00,SpaceX,Sr. Network Security Engineer,"Starbase, TX",🇺🇸 US citizenship required,https://boards.greenhouse.io/spacex/jobs/8627634002?gh_jid=8627634002
2026-09-03T17:53:00.945963+00:00,SpaceX,Sr. Network Security Engineer,"Bastrop, TX",🇺🇸 US citizenship required,https://boards.greenhouse.io/spacex/jobs/8627633002?gh_jid=8627633002
2026-09-03T17:53:00.945963+00:00,SpaceX,"Sr. Operations Engineer, Blades and Vanes Foundry","Bastrop, TX",🇺🇸 US citizenship required,https://boards.greenhouse.io/spacex/jobs/8488285002?gh_jid=8488285002
2026-09-03T17:53:00.945963+00:00,SpaceX,"Sr. Operations Engineer, Starship Production (Starbase)","Starbase, TX",🇺🇸 US citizenship required,https://boards.greenhouse.io/spacex/jobs/8624742002?gh_jid=8624742002
2026-09-03T17:53:00.945963+00:00,SpaceX,Sr. Power Electronics Engineer - Traveling Wave Tube Amplifier (Starlink),"Redmond, WA",🇺🇸 US citizenship required,https://boards.greenhouse.io/spacex/jobs/8516120002?gh_jid=8516120002
2026-09-03T17:53:00.945963+00:00,SpaceX,"Sr. Power Electronics Engineer, AI Satellites (Starmind)","Bastrop, TX",🇺🇸 US citizenship required,https://boards.greenhouse.io/spacex/jobs/8639326002?gh_jid=8639326002
2026-09-03T17:53:00.945963+00:00,SpaceX,"Sr. Power Electronics Engineer, Satellites (Starlink)","Redmond, WA",🇺🇸 US citizenship required,https://boards.greenhouse.io/spacex/jobs/8487197002?gh_jid=8487197002
2026-09-03T17:53:00.945963+00:00,SpaceX,Sr. Power Systems Engineer,"Bastrop, TX",🇺🇸 US citizenship required,https://boards.greenhouse.io/spacex/jobs/8753254002?gh_jid=8753254002
2026-09-03T17:53:00.945963+00:00,SpaceX,Sr. Power Systems Engineer (Starship) ,"Starbase, TX",🇺🇸 US citizenship required,https://boards.greenhouse.io/spacex/jobs/8631444002?gh_jid=8631444002
2026-09-03T17:53:00.945963+00:00,SpaceX,"Sr. Process Controls Engineer, Solar Cell Factory (Starlink)","Bastrop, TX",🇺🇸 US citizenship required,https://boards.greenhouse.io/spacex/jobs/8476123002?gh_jid=8476123002
2026-09-03T17:53:00.945963+00:00,SpaceX,"Sr. Process Engineer - Wafer Level Assembly, AI Satellites (Starmind)","Bastrop, TX",🇺🇸 US citizenship required,https://boards.greenhouse.io/spacex/jobs/8645265002?gh_jid=8645265002
2026-09-03T17:53:00.945963+00:00,SpaceX,Sr. Product Security Engineer (Starlink),"Redmond, WA",🇺🇸 US citizenship required,https://boards.greenhouse.io/spacex/jobs/8624707002?gh_jid=8624707002
2026-09-03T17:53:00.945963+00:00,SpaceX,Sr. Product Security Engineer (Starlink) ,"Bastrop, TX",🇺🇸 US citizenship required,https://boards.greenhouse.io/spacex/jobs/8624867002?gh_jid=8624867002
2026-09-03T17:53:00.945963+00:00,SpaceX,Sr. Quality Systems Engineer (Starlink),"Bastrop, TX",🇺🇸 US citizenship required,https://boards.greenhouse.io/spacex/jobs/8511399002?gh_jid=8511399002
2026-09-03T17:53:00.945963+00:00,SpaceX,Sr. RAN Software Engineer (Starlink Mobile),"Palo Alto, CA",🇺🇸 US citizenship required,https://boards.greenhouse.io/spacex/jobs/8672784002?gh_jid=8672784002
2026-09-03T17:53:00.945963+00:00,SpaceX,Sr. RAN Software Engineer (Starlink Mobile),"Redmond, WA",🇺🇸 US citizenship required,https://boards.greenhouse.io/spacex/jobs/8673035002?gh_jid=8673035002
2026-09-03T17:53:00.945963+00:00,SpaceX,Sr. RF Software Engineer (Starlink),"Bastrop, TX",🇺🇸 US citizenship required,https://boards.greenhouse.io/spacex/jobs/8624890002?gh_jid=8624890002
2026-09-03T17:53:00.945963+00:00,SpaceX,Sr. RF Software Engineer (Starshield),"Hawthorne, CA",🇺🇸 US citizenship required 🔒 clearance required,https://boards.greenhouse.io/spacex/jobs/8573920002?gh_jid=8573920002
2026-09-03T17:53:00.945963+00:00,SpaceX,"Sr. RF/Microwave Engineer, Satellites (Starlink) ","Redmond, WA",🇺🇸 US citizenship required,https://boards.greenhouse.io/spacex/jobs/8461541002?gh_jid=8461541002
2026-09-03T17:53:00.945963+00:00,SpaceX,Sr. Responsible Engineer - Turbomachinery (Starship),"McGregor, TX",🇺🇸 US citizenship required,https://boards.greenhouse.io/spacex/jobs/8642250002?gh_jid=8642250002
2026-09-03T17:53:00.945963+00:00,SpaceX,"Sr. SI/PI Engineer - Serdes, Satellites (Starlink)","Palo Alto, CA",🇺🇸 US citizenship required,https://boards.greenhouse.io/spacex/jobs/8627694002?gh_jid=8627694002
2026-09-03T17:53:00.945963+00:00,SpaceX,"Sr. Screen Printing Equipment Engineer, Solar Cells (Starlink)","Bastrop, TX",🇺🇸 US citizenship required,https://boards.greenhouse.io/spacex/jobs/8653957002?gh_jid=8653957002
2026-09-03T17:53:00.945963+00:00,SpaceX,Sr. Security Software Engineer (Starlink),"Redmond, WA",🇺🇸 US citizenship required,https://boards.greenhouse.io/spacex/jobs/8624705002?gh_jid=8624705002
2026-09-03T17:53:00.945963+00:00,SpaceX,Sr. Security Software Engineer (Starlink) ,"Bastrop, TX",🇺🇸 US citizenship required,https://boards.greenhouse.io/spacex/jobs/8624864002?gh_jid=8624864002
2026-09-03T17:53:00.945963+00:00,SpaceX,"Sr. Signal Integrity Engineer - Serdes, Satellites (Starlink)","Palo Alto, CA",🇺🇸 US citizenship required,https://boards.greenhouse.io/spacex/jobs/8627692002?gh_jid=8627692002
2026-09-03T17:53:00.945963+00:00,SpaceX,"Sr. Silicon Packaging Process Engineer, Silicon Technology (Starlink)","Bastrop, TX",🇺🇸 US citizenship required,https://boards.greenhouse.io/spacex/jobs/8517479002?gh_jid=8517479002
2026-09-03T17:53:00.945963+00:00,SpaceX,Sr. Simulation Software Engineer (Application Software),"Hawthorne, CA",🇺🇸 US citizenship required,https://boards.greenhouse.io/spacex/jobs/8487924002?gh_jid=8487924002
2026-09-03T17:53:00.945963+00:00,SpaceX,Sr. Site Reliability Engineer (Application Software),"Hawthorne, CA",🇺🇸 US citizenship required,https://boards.greenhouse.io/spacex/jobs/8611174002?gh_jid=8611174002
2026-09-03T17:53:00.945963+00:00,SpaceX,Sr. Site Reliability Engineer (Starlink),"Redmond, WA",🇺🇸 US citizenship required,https://boards.greenhouse.io/spacex/jobs/8654200002?gh_jid=8654200002
2026-09-03T17:53:00.945963+00:00,SpaceX,Sr. Site Reliability Engineer (Starlink),"Palo Alto, CA",🇺🇸 US citizenship required,https://boards.greenhouse.io/spacex/jobs/8654199002?gh_jid=8654199002
2026-09-03T17:53:00.945963+00:00,SpaceX,Sr. Site Reliability Engineer (Starlink),"Hawthorne, CA",🇺🇸 US citizenship required,https://boards.greenhouse.io/spacex/jobs/8639503002?gh_jid=8639503002
2026-09-03T17:53:00.945963+00:00,SpaceX,Sr. Site Reliability Engineer (Starshield),"Redmond, WA",🇺🇸 US citizenship required 🔒 clearance required,https://boards.greenhouse.io/spacex/jobs/8597536002?gh_jid=8597536002
2026-09-03T17:53:00.945963+00:00,SpaceX,Sr. Site Reliability Engineer (Starshield),"Hawthorne, CA",🇺🇸 US citizenship required 🔒 clearance required,https://boards.greenhouse.io/spacex/jobs/8597497002?gh_jid=8597497002
2026-09-03T17:53:00.945963+00:00,SpaceX,Sr. Site Reliability Engineer - Top Secret Clearance (Starlink)   ,"Redmond, WA",🇺🇸 US citizenship required 🔒 clearance required,https://boards.greenhouse.io/spacex/jobs/8701706002?gh_jid=8701706002
2026-09-03T17:53:00.945963+00:00,SpaceX,Sr. Site Reliability Engineer - Top Secret Clearance (Starlink)   ,"Hawthorne, CA",🇺🇸 US citizenship required 🔒 clearance required,https://boards.greenhouse.io/spacex/jobs/8640515002?gh_jid=8640515002
2026-09-03T17:53:00.945963+00:00,SpaceX,Sr. Software Engineer,"Hawthorne, CA",🇺🇸 US citizenship required,https://boards.greenhouse.io/spacex/jobs/8726252002?gh_jid=8726252002
2026-09-03T17:53:00.945963+00:00,SpaceX,Sr. Software Engineer,"Bastrop, TX",🇺🇸 US citizenship required,https://boards.greenhouse.io/spacex/jobs/8763488002?gh_jid=8763488002
2026-09-03T17:53:00.945963+00:00,SpaceX,Sr. Software Engineer (Components),"Hawthorne, CA",🇺🇸 US citizenship required,https://boards.greenhouse.io/spacex/jobs/8628394002?gh_jid=8628394002
2026-09-03T17:53:00.945963+00:00,SpaceX,Sr. Software Engineer (Flight Reliability),"Hawthorne, CA",🇺🇸 US citizenship required,https://boards.greenhouse.io/spacex/jobs/8530108002?gh_jid=8530108002
2026-09-03T17:53:00.945963+00:00,SpaceX,Sr. Software Engineer (Platform Team),"Starbase, TX",🇺🇸 US citizenship required,https://boards.greenhouse.io/spacex/jobs/8560569002?gh_jid=8560569002
2026-09-03T17:53:00.945963+00:00,SpaceX,Sr. Software Engineer (Platform Team),"Redmond, WA",🇺🇸 US citizenship required,https://boards.greenhouse.io/spacex/jobs/8558869002?gh_jid=8558869002
2026-09-03T17:53:00.945963+00:00,SpaceX,Sr. Software Engineer (Platform Team),"Sunnyvale, CA",🇺🇸 US citizenship required,https://boards.greenhouse.io/spacex/jobs/8558870002?gh_jid=8558870002
2026-09-03T17:53:00.945963+00:00,SpaceX,Sr. Software Engineer (Platform Team),"Palo Alto, CA",🇺🇸 US citizenship required,https://boards.greenhouse.io/spacex/jobs/8558871002?gh_jid=8558871002
2026-09-03T17:53:00.945963+00:00,SpaceX,Sr. Software Engineer (Platform Team),"Hawthorne, CA",🇺🇸 US citizenship required,https://boards.greenhouse.io/spacex/jobs/8495853002?gh_jid=8495853002
2026-09-03T17:53:00.945963+00:00,SpaceX,Sr. Software Engineer (Platform Team),"Bastrop, TX",🇺🇸 US citizenship required,https://boards.greenhouse.io/spacex/jobs/8560570002?gh_jid=8560570002
2026-09-03T17:53:00.945963+00:00,SpaceX,Sr. Software Engineer (Special Projects) - Top Secret Clearance,"Hawthorne, CA",🇺🇸 US citizenship required 🔒 clearance required,https://boards.greenhouse.io/spacex/jobs/8568980002?gh_jid=8568980002
2026-09-03T17:53:00.945963+00:00,SpaceX,Sr. Software Engineer (Starfall),"Hawthorne, CA",🇺🇸 US citizenship required,https://boards.greenhouse.io/spacex/jobs/8642277002?gh_jid=8642277002
2026-09-03T17:53:00.945963+00:00,SpaceX,Sr. Software Engineer (Starshield),"Hawthorne, CA",🇺🇸 US citizenship required 🔒 clearance required,https://boards.greenhouse.io/spacex/jobs/8684403002?gh_jid=8684403002
2026-09-03T17:53:00.945963+00:00,SpaceX,Sr. Software Engineer (Vehicle Engineering),"Hawthorne, CA",🇺🇸 US citizenship required,https://boards.greenhouse.io/spacex/jobs/8555142002?gh_jid=8555142002
2026-09-03T17:53:00.945963+00:00,SpaceX,"Sr. Software Engineer, Beam Planning (Starlink)   ","Redmond, WA",🇺🇸 US citizenship required,https://boards.greenhouse.io/spacex/jobs/8579130002?gh_jid=8579130002
2026-09-03T17:53:00.945963+00:00,SpaceX,"Sr. Software Engineer, Beam Planning (Starlink)   ","Palo Alto, CA",🇺🇸 US citizenship required,https://boards.greenhouse.io/spacex/jobs/8579125002?gh_jid=8579125002
2026-09-03T17:53:00.945963+00:00,SpaceX,"Sr. Software Engineer, C++ (Dragon)","Hawthorne, CA",🇺🇸 US citizenship required,https://boards.greenhouse.io/spacex/jobs/8602061002?gh_jid=8602061002
2026-09-03T17:53:00.945963+00:00,SpaceX,"Sr. Software Engineer, C++ (Simulations)","Hawthorne, CA",🇺🇸 US citizenship required,https://boards.greenhouse.io/spacex/jobs/8603611002?gh_jid=8603611002
2026-09-03T17:53:00.945963+00:00,SpaceX,"Sr. Software Engineer, CDN (Starlink)","Hawthorne, CA",🇺🇸 US citizenship required,https://boards.greenhouse.io/spacex/jobs/8756086002?gh_jid=8756086002
2026-09-03T17:53:00.945963+00:00,SpaceX,"Sr. Software Engineer, CDN (Starlink)","Redmond, WA",🇺🇸 US citizenship required,https://boards.greenhouse.io/spacex/jobs/8632177002?gh_jid=8632177002
2026-09-03T17:53:00.945963+00:00,SpaceX,"Sr. Software Engineer, CDN (Starlink)","Palo Alto, CA",🇺🇸 US citizenship required,https://boards.greenhouse.io/spacex/jobs/8672206002?gh_jid=8672206002
2026-09-03T17:53:00.945963+00:00,SpaceX,"Sr. Software Engineer, Components Test (Starshield)","Hawthorne, CA",🇺🇸 US citizenship required,https://boards.greenhouse.io/spacex/jobs/8568934002?gh_jid=8568934002
2026-09-03T17:53:00.945963+00:00,SpaceX,"Sr. Software Engineer, Computer Vision","Hawthorne, CA",🇺🇸 US citizenship required,https://boards.greenhouse.io/spacex/jobs/8517346002?gh_jid=8517346002
2026-09-03T17:53:00.945963+00:00,SpaceX,"Sr. Software Engineer, Continuous Integration (Starship)","Hawthorne, CA",🇺🇸 US citizenship required,https://boards.greenhouse.io/spacex/jobs/8533833002?gh_jid=8533833002
2026-09-03T17:53:00.945963+00:00,SpaceX,"Sr. Software Engineer, Continuous Integration (Starship)","Starbase, TX",🇺🇸 US citizenship required,https://boards.greenhouse.io/spacex/jobs/8533836002?gh_jid=8533836002
2026-09-03T17:53:00.945963+00:00,SpaceX,"Sr. Software Engineer, Data (Starlink)","Hawthorne, CA",🇺🇸 US citizenship required,https://boards.greenhouse.io/spacex/jobs/8750868002?gh_jid=8750868002
2026-09-03T17:53:00.945963+00:00,SpaceX,"Sr. Software Engineer, Data Platform (Starlink)","Redmond, WA",🇺🇸 US citizenship required,https://boards.greenhouse.io/spacex/jobs/8750881002?gh_jid=8750881002
2026-09-03T17:53:00.945963+00:00,SpaceX,"Sr. Software Engineer, Design Software (Starship)","Hawthorne, CA",🇺🇸 US citizenship required,https://boards.greenhouse.io/spacex/jobs/8466962002?gh_jid=8466962002
2026-09-03T17:53:00.945963+00:00,SpaceX,"Sr. Software Engineer, DevOps (Starlink)   ","Redmond, WA",🇺🇸 US citizenship required,https://boards.greenhouse.io/spacex/jobs/8576894002?gh_jid=8576894002
2026-09-03T17:53:00.945963+00:00,SpaceX,"Sr. Software Engineer, Flight Software (Starship)","Starbase, TX",🇺🇸 US citizenship required,https://boards.greenhouse.io/spacex/jobs/8562073002?gh_jid=8562073002
2026-09-03T17:53:00.945963+00:00,SpaceX,"Sr. Software Engineer, Flight Software (Starship)","Hawthorne, CA",🇺🇸 US citizenship required,https://boards.greenhouse.io/spacex/jobs/8562412002?gh_jid=8562412002
2026-09-03T17:53:00.945963+00:00,SpaceX,"Sr. Software Engineer, HITL - Top Secret Clearance","Hawthorne, CA",🇺🇸 US citizenship required 🔒 clearance required,https://boards.greenhouse.io/spacex/jobs/8749217002?gh_jid=8749217002
2026-09-03T17:53:00.945963+00:00,SpaceX,"Sr. Software Engineer, High Performance Computing (Starlink)","Palo Alto, CA",🇺🇸 US citizenship required,https://boards.greenhouse.io/spacex/jobs/8579126002?gh_jid=8579126002
2026-09-03T17:53:00.945963+00:00,SpaceX,"Sr. Software Engineer, High Performance Computing (Starlink)   ","Redmond, WA",🇺🇸 US citizenship required,https://boards.greenhouse.io/spacex/jobs/8579131002?gh_jid=8579131002
2026-09-03T17:53:00.945963+00:00,SpaceX,"Sr. Software Engineer, Low Latency Computing (Starlink)   ","Redmond, WA",🇺🇸 US citizenship required,https://boards.greenhouse.io/spacex/jobs/8579128002?gh_jid=8579128002
2026-09-03T17:53:00.945963+00:00,SpaceX,"Sr. Software Engineer, Low Latency Computing (Starlink)   ","Palo Alto, CA",🇺🇸 US citizenship required,https://boards.greenhouse.io/spacex/jobs/8579127002?gh_jid=8579127002
2026-09-03T17:53:00.945963+00:00,SpaceX,"Sr. Software Engineer, Security (Starship)","Hawthorne, CA",🇺🇸 US citizenship required,https://boards.greenhouse.io/spacex/jobs/8562402002?gh_jid=8562402002
2026-09-03T17:53:00.945963+00:00,SpaceX,"Sr. Software Engineer, Simulations (Application Software)","Hawthorne, CA",🇺🇸 US citizenship required,https://boards.greenhouse.io/spacex/jobs/8487481002?gh_jid=8487481002
2026-09-03T17:53:00.945963+00:00,SpaceX,"Sr. Software Engineer, Starlink Enterprise Product (Space Lasers)","Redmond, WA",🇺🇸 US citizenship required,https://boards.greenhouse.io/spacex/jobs/8716848002?gh_jid=8716848002
2026-09-03T17:53:00.945963+00:00,SpaceX,"Sr. Software Engineer, Starlink Network","Redmond, WA",🇺🇸 US citizenship required,https://boards.greenhouse.io/spacex/jobs/8458038002?gh_jid=8458038002
2026-09-03T17:53:00.945963+00:00,SpaceX,"Sr. Software Engineer, Telemetry (Starlink)","Redmond, WA",🇺🇸 US citizenship required,https://boards.greenhouse.io/spacex/jobs/8656520002?gh_jid=8656520002
2026-09-03T17:53:00.945963+00:00,SpaceX,"Sr. Software Engineer, Telemetry (Starlink)","Hawthorne, CA",🇺🇸 US citizenship required,https://boards.greenhouse.io/spacex/jobs/8631952002?gh_jid=8631952002
2026-09-03T17:53:00.945963+00:00,SpaceX,Sr. Software Infrastructure Engineer (Starlink),"Redmond, WA",🇺🇸 US citizenship required,https://boards.greenhouse.io/spacex/jobs/8573254002?gh_jid=8573254002
2026-09-03T17:53:00.945963+00:00,SpaceX,"Sr. Space Lasers Engineer, Satellites (Starlink)","Redmond, WA",🇺🇸 US citizenship required,https://boards.greenhouse.io/spacex/jobs/8483195002?gh_jid=8483195002
2026-09-03T17:53:00.945963+00:00,SpaceX,"Sr. Structures Engineer, Build (Starship)","Starbase, TX",🇺🇸 US citizenship required,https://boards.greenhouse.io/spacex/jobs/8558849002?gh_jid=8558849002
2026-09-03T17:53:00.945963+00:00,SpaceX,"Sr. Supplier Development Engineer, Battery (Starlink) ","Redmond, WA",🇺🇸 US citizenship required,https://boards.greenhouse.io/spacex/jobs/8594391002?gh_jid=8594391002
2026-09-03T17:53:00.945963+00:00,SpaceX,"Sr. Supplier Development Engineer, Data Center (Starlink) ","Palo Alto, CA",🇺🇸 US citizenship required,https://boards.greenhouse.io/spacex/jobs/8645827002?gh_jid=8645827002
2026-09-03T17:53:00.945963+00:00,SpaceX,"Sr. Supplier Development Engineer, Data Center (Starlink) ","Bastrop, TX",🇺🇸 US citizenship required,https://boards.greenhouse.io/spacex/jobs/8642976002?gh_jid=8642976002
2026-09-03T17:53:00.945963+00:00,SpaceX,"Sr. Technical Operations Engineer, Customer Success (Starlink)","Redmond, WA",🇺🇸 US citizenship required,https://boards.greenhouse.io/spacex/jobs/8444679002?gh_jid=8444679002
2026-09-03T17:53:00.945963+00:00,SpaceX,"Sr. Technical Operations Engineer, Customer Success (Starlink)","Bastrop, TX",🇺🇸 US citizenship required,https://boards.greenhouse.io/spacex/jobs/8439487002?gh_jid=8439487002
2026-09-03T17:53:00.945963+00:00,SpaceX,"Sr. Tooling Design Engineer, Investment Casting ","Bastrop, TX",🇺🇸 US citizenship required,https://boards.greenhouse.io/spacex/jobs/8493185002?gh_jid=8493185002
2026-09-03T17:53:00.945963+00:00,SpaceX,"Sr. Tooling Engineer, Plastic Injection Molding (Starlink)","Bastrop, TX",🇺🇸 US citizenship required,https://boards.greenhouse.io/spacex/jobs/8574347002?gh_jid=8574347002
2026-09-03T17:53:00.945963+00:00,SpaceX,"Sr. Water Treatment Engineer, Solar Cell Factory (Starlink)","Bastrop, TX",🇺🇸 US citizenship required,https://boards.greenhouse.io/spacex/jobs/8558147002?gh_jid=8558147002
2026-09-03T17:53:00.945963+00:00,SpaceX,"Sr. Wet Process Equipment Engineer, Solar Cells (Starlink)","Bastrop, TX",🇺🇸 US citizenship required,https://boards.greenhouse.io/spacex/jobs/8700413002?gh_jid=8700413002
2026-09-03T17:53:00.945963+00:00,SpaceX,Sr. Wi-Fi Software Engineer (Starlink),"Bastrop, TX",🇺🇸 US citizenship required,https://boards.greenhouse.io/spacex/jobs/8716120002?gh_jid=8716120002
2026-09-03T17:53:00.945963+00:00,SpaceX,Sr. Wi-Fi Software Engineer (Starlink),"Palo Alto, CA",🇺🇸 US citizenship required,https://boards.greenhouse.io/spacex/jobs/8716131002?gh_jid=8716131002
2026-09-03T17:53:00.945963+00:00,SpaceX,Sr. Wireless Software Engineer (Starlink),"Palo Alto, CA",🇺🇸 US citizenship required,https://boards.greenhouse.io/spacex/jobs/8637796002?gh_jid=8637796002
2026-09-03T17:53:00.945963+00:00,SpaceX,Sr. Wireless Software Engineer (Starlink),"Redmond, WA",🇺🇸 US citizenship required,https://boards.greenhouse.io/spacex/jobs/8637824002?gh_jid=8637824002
2026-09-03T17:53:00.945963+00:00,SpaceX,"Sr. Yield Engineer, RF Final Test Integration (Starlink/Akoustis)","Bastrop, TX",🇺🇸 US citizenship required,https://boards.greenhouse.io/spacex/jobs/8760870002?gh_jid=8760870002
2026-09-03T17:53:00.945963+00:00,SpaceX,"Starship Engineer, FOD Control","Starbase, TX",🇺🇸 US citizenship required,https://boards.greenhouse.io/spacex/jobs/8689262002?gh_jid=8689262002
2026-09-03T17:53:00.945963+00:00,SpaceX,"Structures Engineer, Build (Starship)","Starbase, TX",🇺🇸 US citizenship required,https://boards.greenhouse.io/spacex/jobs/8493500002?gh_jid=8493500002
2026-09-03T17:53:00.945963+00:00,SpaceX,"Supplier Development Engineer, Assembly Processes (Starlink)","Bastrop, TX",🇺🇸 US citizenship required,https://boards.greenhouse.io/spacex/jobs/8533959002?gh_jid=8533959002
2026-09-03T17:53:00.945963+00:00,SpaceX,"Supplier Development Engineer, Automation & Controls (Starlink)","Bastrop, TX",🇺🇸 US citizenship required,https://boards.greenhouse.io/spacex/jobs/8533957002?gh_jid=8533957002
2026-09-03T17:53:00.945963+00:00,SpaceX,"Supplier Development Engineer, Cables (Starlink)","Bastrop, TX",🇺🇸 US citizenship required,https://boards.greenhouse.io/spacex/jobs/8533945002?gh_jid=8533945002
2026-09-03T17:53:00.945963+00:00,SpaceX,"Supplier Development Engineer, Harnessing (Starlink) ","Redmond, WA",🇺🇸 US citizenship required,https://boards.greenhouse.io/spacex/jobs/8494936002?gh_jid=8494936002
2026-09-03T17:53:00.945963+00:00,SpaceX,"Supplier Development Engineer, Harnessing (Starshield)","Hawthorne, CA",🇺🇸 US citizenship required,https://boards.greenhouse.io/spacex/jobs/8568157002?gh_jid=8568157002
2026-09-03T17:53:00.945963+00:00,SpaceX,"Supplier Development Engineer, PCB (Starlink)","Redmond, WA",🇺🇸 US citizenship required,https://boards.greenhouse.io/spacex/jobs/8477099002?gh_jid=8477099002
2026-09-03T17:53:00.945963+00:00,SpaceX,"Supplier Development Engineer, PCB (Starlink)","Bastrop, TX",🇺🇸 US citizenship required,https://boards.greenhouse.io/spacex/jobs/8731214002?gh_jid=8731214002
2026-09-03T17:53:00.945963+00:00,SpaceX,"Supplier Development Engineer, PCB/PCBA (Starshield)","Hawthorne, CA",🇺🇸 US citizenship required,https://boards.greenhouse.io/spacex/jobs/8719843002?gh_jid=8719843002
2026-09-03T17:53:00.945963+00:00,SpaceX,"Supplier Development Engineer, Photovoltaics (Starlink)","Bastrop, TX",🇺🇸 US citizenship required,https://boards.greenhouse.io/spacex/jobs/8533949002?gh_jid=8533949002
2026-09-03T17:53:00.945963+00:00,SpaceX,"Supplier Development Engineer, Power Electronics (Starlink)","Bastrop, TX",🇺🇸 US citizenship required,https://boards.greenhouse.io/spacex/jobs/8533953002?gh_jid=8533953002
2026-09-03T17:53:00.945963+00:00,SpaceX,"Supplier Development Engineer, Reliability (Starlink)","Bastrop, TX",🇺🇸 US citizenship required,https://boards.greenhouse.io/spacex/jobs/8533955002?gh_jid=8533955002
2026-09-03T17:53:00.945963+00:00,SpaceX,"Supplier Development Engineer, Routers (Starlink)","Bastrop, TX",🇺🇸 US citizenship required,https://boards.greenhouse.io/spacex/jobs/8533961002?gh_jid=8533961002
2026-09-03T17:53:00.945963+00:00,SpaceX,"Supplier Development Engineer, Silicon (Starlink)","Bastrop, TX",🇺🇸 US citizenship required,https://boards.greenhouse.io/spacex/jobs/8533951002?gh_jid=8533951002
2026-09-03T17:53:00.945963+00:00,SpaceX,"Supply Chain Engineer, PCB (Starlink)","Redmond, WA",🇺🇸 US citizenship required,https://boards.greenhouse.io/spacex/jobs/8477142002?gh_jid=8477142002
2026-09-03T17:53:00.945963+00:00,SpaceX,"Technical Operations Engineer, Customer Success (Starlink)","Bastrop, TX",🇺🇸 US citizenship required,https://boards.greenhouse.io/spacex/jobs/8548119002?gh_jid=8548119002
2026-09-03T17:53:00.945963+00:00,SpaceX,"Technical Operations Engineer, Customer Success (Starlink)","Redmond, WA",🇺🇸 US citizenship required,https://boards.greenhouse.io/spacex/jobs/8548111002?gh_jid=8548111002
2026-09-03T17:53:00.945963+00:00,SpaceX,"Test Engineer, Oxygen","McGregor, TX",🇺🇸 US citizenship required,https://boards.greenhouse.io/spacex/jobs/8628878002?gh_jid=8628878002
2026-09-03T17:53:00.945963+00:00,SpaceX,"Test Engineer, Powertrain Components (Starship)  ","Hawthorne, CA",🇺🇸 US citizenship required,https://boards.greenhouse.io/spacex/jobs/8716126002?gh_jid=8716126002
2026-09-03T17:53:00.945963+00:00,SpaceX,"Tooling Engineer, AI Satellites (Starmind)","Bastrop, TX",🇺🇸 US citizenship required,https://boards.greenhouse.io/spacex/jobs/8727903002?gh_jid=8727903002
2026-09-03T17:53:00.945963+00:00,SpaceX,"Water Treatment Engineer, Solar Cell Factory (Starlink)","Bastrop, TX",🇺🇸 US citizenship required,https://boards.greenhouse.io/spacex/jobs/8550390002?gh_jid=8550390002
2026-09-03T17:53:00.945963+00:00,SpaceX,"Welding Automation Engineer, Chamber and Nozzle (Raptor) ","Hawthorne, CA",🇺🇸 US citizenship required,https://boards.greenhouse.io/spacex/jobs/8544608002?gh_jid=8544608002
2026-09-03T17:53:00.945963+00:00,SpaceX,Wi-Fi Software Engineer (Starlink),"Bastrop, TX",🇺🇸 US citizenship required,https://boards.greenhouse.io/spacex/jobs/8715500002?gh_jid=8715500002
2026-09-03T17:53:00.945963+00:00,SpaceX,Wi-Fi Software Engineer (Starlink),"Palo Alto, CA",🇺🇸 US citizenship required,https://boards.greenhouse.io/spacex/jobs/8715832002?gh_jid=8715832002
2026-09-03T17:53:00.945963+00:00,SpaceX,Wireless Software Engineer (Starlink),"Redmond, WA",🇺🇸 US citizenship required,https://boards.greenhouse.io/spacex/jobs/8637826002?gh_jid=8637826002
2026-09-03T17:53:00.945963+00:00,SpaceX,Wireless Software Engineer (Starlink),"Palo Alto, CA",🇺🇸 US citizenship required,https://boards.greenhouse.io/spacex/jobs/8637814002?gh_jid=8637814002
2026-09-03T17:53:00.945963+00:00,SpaceX,Wireless Systems Engineer (Starlink Mobile),"Sunnyvale, CA",🇺🇸 US citizenship required,https://boards.greenhouse.io/spacex/jobs/8546717002?gh_jid=8546717002
2026-09-03T17:53:00.945963+00:00,SpaceX,"Yield Engineer, RF Final Test Integration (Starlink/Akoustis)","Bastrop, TX",🇺🇸 US citizenship required,https://boards.greenhouse.io/spacex/jobs/8727899002?gh_jid=8727899002
2026-09-03T17:53:00.945963+00:00,Truveta,Machine Learning Engineer - LLMs & Generative AI,"Seattle, WA",ℹ️ no H-1B sponsorship (OPT still fine),https://job-boards.greenhouse.io/truveta/jobs/5555763004
2026-09-03T17:53:00.945963+00:00,Truveta,Software Engineer - Backend Services,"Seattle, WA",ℹ️ no H-1B sponsorship (OPT still fine),https://job-boards.greenhouse.io/truveta/jobs/6002807004
2026-09-03T17:53:00.945963+00:00,Truveta,Software Engineer - Data Processing,"Seattle, WA",ℹ️ no H-1B sponsorship (OPT still fine),https://job-boards.greenhouse.io/truveta/jobs/6128329004
2026-09-03T17:53:00.945963+00:00,Truveta,Software Engineer - Live Link,"Seattle, WA",ℹ️ no H-1B sponsorship (OPT still fine),https://job-boards.greenhouse.io/truveta/jobs/6140479004
2026-09-03T17:53:00.945963+00:00,Truveta,Software Engineer - Person Matching,"Seattle, WA",ℹ️ no H-1B sponsorship (OPT still fine),https://job-boards.greenhouse.io/truveta/jobs/5817190004
2026-09-03T17:53:00.945963+00:00,Truveta,Software Engineer – Cerberus,"Seattle, WA",ℹ️ no H-1B sponsorship (OPT still fine),https://job-boards.greenhouse.io/truveta/jobs/6147526004
2026-09-03T17:53:00.945963+00:00,Truveta,Software Engineering Intern,"Seattle, WA",ℹ️ no H-1B sponsorship (OPT still fine),https://job-boards.greenhouse.io/truveta/jobs/5659745004
2026-09-03T17:53:00.945963+00:00,Western Digital,Software Engineer,"San Jose, us",❓ no description,https://api.smartrecruiters.com/v1/companies/westerndigital/postings/744000138717897
2026-09-03T17:53:00.945963+00:00,Western Digital,Software Engineer (Apps) ,"San Jose, us",❓ no description,https://api.smartrecruiters.com/v1/companies/westerndigital/postings/744000142878952
2026-09-03T17:53:00.945963+00:00,Western Digital,Summer 2027 Intern - Software Engineering,"San Jose, us",❓ no description,https://api.smartrecruiters.com/v1/companies/westerndigital/postings/744000143171017
2026-09-03T17:53:00.945963+00:00,Zuora,Customer Solution Engineer - AI Native/Consumption Quote to Cash,Remote - United States,,https://boards.greenhouse.io/zuora/jobs/8027105?gh_jid=8027105
2026-09-03T17:53:00.945963+00:00,Zuora,Customer Solution Engineer - Quote to Cash,Remote - United States,,https://boards.greenhouse.io/zuora/jobs/7770757?gh_jid=7770757
2026-09-03T17:53:00.945963+00:00,Zuora,Software Engineer (Payment),"Foster City, California, United States",,https://boards.greenhouse.io/zuora/jobs/7845455?gh_jid=7845455
2026-09-03T17:53:00.945963+00:00,Zuora,Software Engineer III,"Foster City, California, United States",,https://boards.greenhouse.io/zuora/jobs/8040763?gh_jid=8040763
2026-09-03T18:29:31.442475+00:00,Coinbase,Threat Intelligence Platform Engineer,Remote - USA,,https://www.coinbase.com/careers/positions/8177619?gh_jid=8177619
2026-09-03T21:04:02.092400+00:00,Chime,"Software Engineer, Growth","San Francisco, CA, USA",,https://boards.greenhouse.io/chime/jobs/8782503002?gh_jid=8782503002
2026-09-03T21:04:02.092400+00:00,LaunchDarkly,"Full Stack Engineer, Observability",Remote - US,,https://job-boards.greenhouse.io/launchdarkly/jobs/7985794003
2026-09-03T21:04:02.092400+00:00,Ramp,"GTM Business Systems Engineer, Post Sales","New York, NY (HQ)",,https://jobs.ashbyhq.com/ramp/696bc715-794c-4a0c-967d-d7f8b637b392
2026-09-03T21:04:02.092400+00:00,Ramp,"GTM Business Systems Engineer, Quote-to-Cash","New York, NY (HQ)",,https://jobs.ashbyhq.com/ramp/6310f1b3-1ae2-476c-b4ce-affe530ede26
2026-09-03T21:20:15.164550+00:00,OpenAI,"Full Stack Software Engineer, Product Explorations",San Francisco,,https://jobs.ashbyhq.com/openai/4d1ede8c-3d4c-4503-8408-81e4b68c5c91
2026-09-03T21:20:15.164550+00:00,OpenAI,"Software Engineer, Native Learning Experiences",San Francisco,,https://jobs.ashbyhq.com/openai/1098311d-3a07-40ad-8107-6245a492a0b3
2026-09-03T21:20:15.164550+00:00,Stripe,"Software Engineer, Online Database Infrastructure","Seattle, WA",,https://stripe.com/jobs/search?gh_jid=8177930
2026-09-03T21:20:15.164550+00:00,Waymo,"2027 Summer Intern, MS, Software Engineering, Behavior Test ","San Francisco, California, USA",,https://careers.withwaymo.com/jobs?gh_jid=8174504
2026-09-04T00:08:00.242918+00:00,SpaceX,AI Security Software Engineer (Starshield),"Hawthorne, CA",🇺🇸 US citizenship required 🔒 clearance required,https://boards.greenhouse.io/spacex/jobs/8782397002?gh_jid=8782397002
2026-09-04T00:08:00.242918+00:00,SpaceX,"New Graduate Engineer, Starship Components","Hawthorne, CA",🇺🇸 US citizenship required,https://boards.greenhouse.io/spacex/jobs/8783046002?gh_jid=8783046002
2026-09-04T00:08:00.242918+00:00,SpaceX,Software Engineer (Flight Reliability),"Hawthorne, CA",🇺🇸 US citizenship required,https://boards.greenhouse.io/spacex/jobs/8783243002?gh_jid=8783243002
2026-09-04T00:08:00.242918+00:00,SpaceX,Software Engineer (Flight Reliability),"Redmond, WA",🇺🇸 US citizenship required,https://boards.greenhouse.io/spacex/jobs/8783281002?gh_jid=8783281002
2026-09-04T00:08:00.242918+00:00,SpaceX,Software Engineer (Flight Reliability),"Starbase, TX",🇺🇸 US citizenship required,https://boards.greenhouse.io/spacex/jobs/8783284002?gh_jid=8783284002
2026-09-04T00:08:00.242918+00:00,Zoox,Contract Student Worker - Autonomy Safety Data Engineer,"Foster City, CA",,https://jobs.lever.co/zoox/dafe2927-74bf-4bef-8df0-cb0874595819
2026-09-04T03:36:54.174457+00:00,Anthropic,"Data Infrastructure Engineer, Pre-training","San Francisco, CA",,https://job-boards.greenhouse.io/anthropic/jobs/4973067008
2026-09-04T11:20:48.599592+00:00,Netskope,Solutions Engineer - Healthcare,"Texas, United States",,https://www.netskope.com/company/careers/open-positions/?gh_jid=8045251
2026-09-04T16:12:23.721679+00:00,Anthropic,"Applied AI, Research Engineer ","San Francisco, CA | New York City, NY",,https://job-boards.greenhouse.io/anthropic/jobs/5390811008
2026-09-04T16:12:23.721679+00:00,Point72,"Software Engineer, Back Office Systems","New York, NY",,https://boards.greenhouse.io/point72/jobs/8773519002?gh_jid=8773519002
2026-09-04T16:23:19.158983+00:00,Arista Networks,Systems Engineer – SD-WAN & SD-Branch (Enterprise),"Denver, us",❓ no description,https://api.smartrecruiters.com/v1/companies/aristanetworks/postings/744000147557840
2026-09-04T16:23:19.158983+00:00,Scale AI,Software Engineer - New Grad,"San Francisco, CA",,https://job-boards.greenhouse.io/scaleai/jobs/4730836005
2026-09-04T16:23:19.158983+00:00,Scale AI,Software Engineering Intern (Summer 2027) ,"San Francisco, CA",,https://job-boards.greenhouse.io/scaleai/jobs/4730845005
2026-09-04T16:23:19.158983+00:00,Shield AI,Mission Systems Software Engineer - BlueSky (R5199),"Seattle, Washington",🇺🇸 US citizenship required,https://jobs.lever.co/shieldai/8ab0ecee-89be-4670-bcc0-055b8afbf254
2026-09-04T18:16:17.446757+00:00,Lyft,Machine Learning Engineer,"San Francisco, CA",,https://app.careerpuck.com/job-board/lyft/job/8688633002?gh_jid=8688633002
2026-09-04T18:16:17.446757+00:00,Lyft,Machine Learning Engineer,"New York, NY",,https://app.careerpuck.com/job-board/lyft/job/8689127002?gh_jid=8689127002
2026-09-04T18:16:17.446757+00:00,NVIDIA,"Physical Design Engineer, Synthesis and Implementation","US, MA, Westford",❓ no description,https://nvidia.wd5.myworkdayjobs.com/en-US/NVIDIAExternalCareerSite/job/US-MA-Westford/Physical-Design-Engineer--Synthesis-and-Implementation_JR2022543-1
2026-09-04T20:47:16.236186+00:00,Affirm,Software Engineer II,Remote Canada,,https://job-boards.greenhouse.io/affirm/jobs/7981805003
2026-09-04T20:47:16.236186+00:00,Affirm,"Software Engineer II, Backend (Post-Transaction)",Remote US,,https://job-boards.greenhouse.io/affirm/jobs/7981803003
2026-09-04T20:47:16.236186+00:00,Arista Networks,"Systems Engineer – VeloCloud SD-WAN/SD-Branch (MSP/SP), USA Remote","Dallas, us",❓ no description,https://api.smartrecruiters.com/v1/companies/aristanetworks/postings/744000147589219
2026-09-04T20:47:16.236186+00:00,Benchling,"Software Engineer, Agents","San Francisco, CA",,https://jobs.ashbyhq.com/benchling/263fd507-eb03-4cfa-8297-ce276b729b52
2026-09-04T20:47:16.236186+00:00,Block,"Software Engineer, Justice Engineering","Bay Area, CA, United States of America",,http://block.xyz/careers/jobs/5406194008?gh_jid=5406194008
2026-09-04T20:47:16.236186+00:00,Lithic,"Software Engineer, Treasury",Remote ,ℹ️ no H-1B sponsorship (OPT still fine),https://job-boards.greenhouse.io/lithic/jobs/5737189004
2026-09-04T20:47:16.236186+00:00,New Relic,Software Engineer - Auth0/AuthZ (Java),"Portland, Oregon, USA",ℹ️ no H-1B sponsorship (OPT still fine),https://job-boards.greenhouse.io/newrelic/jobs/5416517008
2026-09-04T20:47:16.236186+00:00,Qualtrics,Machine Learning Engineer II,"Seattle, Washington,  United States",🔒 clearance required,https://www.qualtrics.com/careers/us/en/job/8003475?gh_jid=8003475
2026-09-04T20:47:16.236186+00:00,SpaceX,GNC Engineer - Embedded Controls (Starlink),"Redmond, WA",🇺🇸 US citizenship required,https://boards.greenhouse.io/spacex/jobs/8784235002?gh_jid=8784235002
2026-09-04T20:47:16.236186+00:00,Yext,Software Engineer,"New York, NY",,https://job-boards.greenhouse.io/yext/jobs/8174875
2026-09-05T00:08:41.598947+00:00,SpaceX,IT Security Engineer - Top Secret Clearance,"Hawthorne, CA",🇺🇸 US citizenship required 🔒 clearance required,https://boards.greenhouse.io/spacex/jobs/8784792002?gh_jid=8784792002
2026-09-05T00:50:33.481513+00:00,OpenAI,"Software Engineer, HSM Infrastructure Security, Consumer Devices",San Francisco,,https://jobs.ashbyhq.com/openai/a14780e7-0316-478c-8e6a-d7629c31c49d
2026-09-05T04:33:23.531533+00:00,SpaceX,Full Stack Software Engineer,"Hawthorne, CA",🇺🇸 US citizenship required,https://boards.greenhouse.io/spacex/jobs/8784864002?gh_jid=8784864002
2026-09-05T15:00:08.127415+00:00,OpenAI,"Software Engineer, Host Assurance",San Francisco,,https://jobs.ashbyhq.com/openai/0b9e565a-ae5f-40fc-8350-b59f71f76df1
2026-09-05T18:20:15.854578+00:00,Axon,CMM Programmer (Onsite),"Mesa, Arizona, United States",,https://job-boards.greenhouse.io/axon/jobs/7866206003
2026-09-05T18:20:15.854578+00:00,Axon,Mission Engineer - Albany,"New York, New York, United States",🇺🇸 US citizenship required,https://job-boards.greenhouse.io/axon/jobs/7984839003
2026-09-05T18:20:15.854578+00:00,Axon,Mission Engineer - Atlanta,"Atlanta, Georgia, United States",🇺🇸 US citizenship required,https://job-boards.greenhouse.io/axon/jobs/7984842003
2026-09-05T18:20:15.854578+00:00,Axon,Mission Engineer - Baltimore,Maryland-Remote,🇺🇸 US citizenship required,https://job-boards.greenhouse.io/axon/jobs/7984841003
2026-09-05T18:20:15.854578+00:00,Axon,Mission Engineer - Baton Rouge,"Baton Rouge, Louisiana, United States",🇺🇸 US citizenship required,https://job-boards.greenhouse.io/axon/jobs/7984840003
2026-09-05T18:20:15.854578+00:00,Axon,Mission Engineer - Colorado Springs,"Denver, Colorado, United States",🇺🇸 US citizenship required,https://job-boards.greenhouse.io/axon/jobs/7860342003
2026-09-05T18:20:15.854578+00:00,Axon,Mission Engineer - Miami,Florida-Remote,🇺🇸 US citizenship required,https://job-boards.greenhouse.io/axon/jobs/7887904003
2026-09-05T18:20:15.854578+00:00,Axon,Mission Engineer - Oklahoma City,Oklahoma-Remote,🇺🇸 US citizenship required,https://job-boards.greenhouse.io/axon/jobs/7824446003
2026-09-05T18:20:15.854578+00:00,Axon,Mission Engineer - Orlando & Seiminole County,Florida-Remote,🇺🇸 US citizenship required,https://job-boards.greenhouse.io/axon/jobs/7887910003
2026-09-05T18:20:15.854578+00:00,Axon,"Mission Engineer - Overland Park, KS",Kansas-Remote,🇺🇸 US citizenship required,https://job-boards.greenhouse.io/axon/jobs/7824574003
2026-09-05T18:20:15.854578+00:00,Axon,Mission Engineer - Pasco County,Florida-Remote,🇺🇸 US citizenship required,https://job-boards.greenhouse.io/axon/jobs/7887909003
2026-09-05T18:20:15.854578+00:00,Axon,"Mission Engineer - Port St. Lucie, Florida",Florida-Remote,🇺🇸 US citizenship required,https://job-boards.greenhouse.io/axon/jobs/7887969003
2026-09-05T18:20:15.854578+00:00,Axon,Mission Engineer - Sarasota,Florida-Remote,🇺🇸 US citizenship required,https://job-boards.greenhouse.io/axon/jobs/7887908003
2026-09-05T18:20:15.854578+00:00,Axon,Mission Engineer - Tampa,Florida-Remote,🇺🇸 US citizenship required,https://job-boards.greenhouse.io/axon/jobs/7887905003
2026-09-05T18:20:15.854578+00:00,Axon,"Mission Engineer - Vancouver, British Columbia",Canada-British Columbia-Remote,🇺🇸 US citizenship required,https://job-boards.greenhouse.io/axon/jobs/7824569003
2026-09-05T18:20:15.854578+00:00,Axon,"Network Engineer, Axon 911 ","New York, New York, United States",,https://job-boards.greenhouse.io/axon/jobs/7730601003
2026-09-05T18:20:15.854578+00:00,Axon,Site Reliability Engineer II,"Washington, United States",🇺🇸 US citizenship required,https://job-boards.greenhouse.io/axon/jobs/7612104003
2026-09-05T18:20:15.854578+00:00,Axon,Sr Software Engineer I,"Washington, United States",,https://job-boards.greenhouse.io/axon/jobs/7576935003
2026-09-05T18:20:15.854578+00:00,Axon,Sr Software Engineer I,"Washington, United States",,https://job-boards.greenhouse.io/axon/jobs/7576610003
2026-09-05T18:20:15.854578+00:00,Axon,Sr Software Engineer II,"Boston, Massachusetts, United States",,https://job-boards.greenhouse.io/axon/jobs/7738105003
2026-09-05T18:20:15.854578+00:00,Axon,Sr Software Engineer II,"Sterling, Virginia, United States",,https://job-boards.greenhouse.io/axon/jobs/7577015003
2026-09-05T18:20:15.854578+00:00,Axon,Sr Software Engineer II,"Seattle, Washington, United States",,https://job-boards.greenhouse.io/axon/jobs/7566950003
2026-09-05T18:20:15.854578+00:00,Axon,"Technical Support Engineer, Axon 911","Sterling, Virginia, United States",,https://job-boards.greenhouse.io/axon/jobs/7820487003
2026-09-05T18:20:15.854578+00:00,Axon,"Technical Support Engineer, Axon 911","Scottsdale, Arizona, United States",,https://job-boards.greenhouse.io/axon/jobs/7804663003
2026-09-05T18:20:15.854578+00:00,Axon,"Technical Support Engineer, Axon 911","Seattle, Washington, United States",,https://job-boards.greenhouse.io/axon/jobs/7804660003
2026-09-05T18:20:15.854578+00:00,Axon,"Technical Support Engineer, Axon 911","New York, New York, United States",,https://job-boards.greenhouse.io/axon/jobs/7733801003
2026-09-05T18:20:15.854578+00:00,Axon,"Technical Support Engineer, Axon 911","Atlanta, Georgia, United States",,https://job-boards.greenhouse.io/axon/jobs/7804673003
2026-09-05T18:20:15.854578+00:00,Axon,"Unified Communications Integration Engineer, Public Safety ","New York, New York, United States",,https://job-boards.greenhouse.io/axon/jobs/7904216003
2026-09-05T18:20:15.854578+00:00,Axon,"Unified Communications Integration Engineer, Public Safety ","Seattle, Washington, United States",,https://job-boards.greenhouse.io/axon/jobs/7904219003
2026-09-05T18:20:15.854578+00:00,Axon,"Unified Communications Integration Engineer, Public Safety ","Washington, District of Columbia, United States",,https://job-boards.greenhouse.io/axon/jobs/7904220003
2026-09-05T18:20:15.854578+00:00,Axon,"Unified Communications Integration Engineer, Public Safety ","Phoenix, Arizona, United States",,https://job-boards.greenhouse.io/axon/jobs/7904218003
2026-09-05T18:20:15.854578+00:00,Axon,"Unified Communications Integration Engineer, Public Safety ",United States,,https://job-boards.greenhouse.io/axon/jobs/7916086003
2026-09-05T18:20:15.854578+00:00,Carvana,"Associate Engineer, Vending Machine Services","Tempe, AZ",,https://www.carvana.com/careers/apply?gh_jid=8049071
2026-09-05T18:20:15.854578+00:00,Galaxy i Technologies,Javascript Developer,"Chicago, us",❓ no description,https://api.smartrecruiters.com/v1/companies/galaxyitechnologies/postings/743999664853762
2026-09-05T18:20:15.854578+00:00,Gen Digital,AI & Machine Learning Engineer I,"USA - Mountain View, CA",,https://jobs.ashbyhq.com/gen-digital/b3ab78c4-af7c-4a95-9bbb-f6264e0c3adf
2026-09-05T18:20:15.854578+00:00,Gen Digital,AI / Machine Learning Engineer II,"USA - Mountain View, CA",,https://jobs.ashbyhq.com/gen-digital/beea6381-ee92-4a89-a8b1-375d7217584d
2026-09-05T18:20:15.854578+00:00,GoDaddy,Site Reliability Engineer - Ceph Storage,United States,,https://careers.godaddy/jobs?gh_jid=7529374003
2026-09-05T18:20:15.854578+00:00,M3BI,Blockchain Developer,"Phoenix, us",❓ no description,https://api.smartrecruiters.com/v1/companies/m3bi/postings/743999658747449
2026-09-05T18:20:15.854578+00:00,M3BI,Mobile Application Developer (Android / iOS),"Phoenix, us",❓ no description,https://api.smartrecruiters.com/v1/companies/m3bi/postings/743999658747385
2026-09-05T18:20:15.854578+00:00,Paradox,🇫🇷 Business Developer - French fluent,Remote Dubai,,https://jobs.ashbyhq.com/paradox/0102231e-817c-40ce-a3e6-0464b1b42c75
2026-09-05T18:20:15.854578+00:00,SmartRent,Application Security Engineer,"Phoenix, Arizona",,https://job-boards.greenhouse.io/smartrent/jobs/6151079004
2026-09-05T18:20:15.854578+00:00,Virtuous Software,AI Design Engineer - Momentum,"Remote, USA",,https://jobs.ashbyhq.com/virtuous/255ed7f2-0cbd-4a63-8658-c70cb1ef9a61
2026-09-06T22:08:30.270168+00:00,LangChain,"Agent Reliability Engineer, GTM","San Francisco, CA",,https://jobs.ashbyhq.com/langchain/eadd2a71-47fc-483b-948f-4b2384f7f93f
2026-09-07T12:37:10.658893+00:00,Bugcrowd,Application Security Engineer II  - Contract ( 6 months ),Remote - India,,https://boards.greenhouse.io/bugcrowd/jobs/8174136?gh_jid=8174136
2026-09-07T18:44:46.381958+00:00,Axon,"Sales Engineer, South and Central America",Colombia-Remote,,https://job-boards.greenhouse.io/axon/jobs/7986324003
2026-09-07T18:44:46.381958+00:00,Dropbox,Software Engineering Intern (Summer 2027),Remote - US: All locations,,https://jobs.dropbox.com/listing/8106224?gh_jid=8106224
2026-09-07T22:51:45.926794+00:00,SpaceX,"Application Software Engineer, Internal Systems","Starbase, TX",🇺🇸 US citizenship required,https://boards.greenhouse.io/spacex/jobs/8785507002?gh_jid=8785507002
2026-09-07T22:51:45.926794+00:00,SpaceX,Full Stack Software Engineer,"Bastrop, TX",🇺🇸 US citizenship required,https://boards.greenhouse.io/spacex/jobs/8785505002?gh_jid=8785505002
2026-09-07T22:51:45.926794+00:00,SpaceX,"Full Stack Software Engineer, Internal Systems","Hawthorne, CA",🇺🇸 US citizenship required,https://boards.greenhouse.io/spacex/jobs/8785502002?gh_jid=8785502002
2026-09-08T07:52:56.885364+00:00,Cerebras,Distributed Software Engineer,"Sunnyvale, CA",,https://jobs.ashbyhq.com/cerebras/ada45357-f6bb-452c-a9db-acd9ec33f0aa
2026-09-08T07:52:56.885364+00:00,Twilio,Software Engineer (L3),Remote - India,,https://job-boards.greenhouse.io/twilio/jobs/7996779
2026-09-08T16:29:58.591895+00:00,Cerebras,Network Security Engineer,"Sunnyvale, CA",,https://jobs.ashbyhq.com/cerebras/39c1aea3-d6df-4661-872d-082ba11df5fc
2026-09-08T16:29:58.591895+00:00,Datadog,Software Engineering Intern (Summer),"Boston, Massachusetts, USA; New York, New York, USA",🇺🇸 US citizenship required,https://careers.datadoghq.com/detail/8052118/?gh_jid=8052118
2026-09-08T16:40:16.861773+00:00,Bill.com,Software Engineer II - Payments Platform,United States,,https://www.bill.com/job?5240146004&gh_jid=5240146004
2026-09-08T16:40:16.861773+00:00,Chainguard,Enterprise Sales Engineer - DACH,Germany - Remote,,https://job-boards.greenhouse.io/chainguard/jobs/4710284006
2026-09-08T16:40:16.861773+00:00,Vercel,Software Engineering Intern - Summer '27,Hybrid - San Francisco,,https://job-boards.greenhouse.io/vercel/jobs/6181759004
2026-09-08T16:40:16.861773+00:00,Vercel,Software Engineering Intern - Winter '27,Hybrid - San Francisco,,https://job-boards.greenhouse.io/vercel/jobs/6181755004
2026-09-08T18:29:17.331534+00:00,Anthropic,"Research Engineer, Takeoff Intel","Remote-Friendly (Travel Required) | San Francisco, CA",,https://job-boards.greenhouse.io/anthropic/jobs/5416882008
2026-09-08T18:29:17.331534+00:00,Point72,"Quant Library Developer, Macro Technology",United States,,https://boards.greenhouse.io/point72/jobs/8782787002?gh_jid=8782787002
2026-09-08T21:11:14.495022+00:00,1Password,"Developer, Full Stack/iOS",Remote (United States | Canada),,https://jobs.ashbyhq.com/1password/f51cc73a-fde2-4686-b54b-f183cdaedb45
2026-09-08T21:11:14.495022+00:00,Axon,AI Infrastructure Engineer,"Boston, Massachusetts, United States; San Francisco, California, United States; Scottsdale, Arizona, United States; Seattle, Washington, United States",,https://job-boards.greenhouse.io/axon/jobs/7810798003
2026-09-08T21:11:14.495022+00:00,Axon,Embedded Software Engineer I,"Seattle, Washington, United States",,https://job-boards.greenhouse.io/axon/jobs/6289451003
2026-09-08T21:11:14.495022+00:00,Axon,"Professional Services Engineer, 911 Systems (Remote) ",United States,,https://job-boards.greenhouse.io/axon/jobs/7989327003
2026-09-08T21:11:14.495022+00:00,Axon,"Professional Services Engineer, 911 Systems (Remote) ","Denver, Colorado, United States",,https://job-boards.greenhouse.io/axon/jobs/7904224003
2026-09-08T21:11:14.495022+00:00,Axon,"Professional Services Engineer, 911 Systems (Remote) ","Phoenix, Arizona, United States",,https://job-boards.greenhouse.io/axon/jobs/7904221003
2026-09-08T21:11:14.495022+00:00,Axon,"Professional Services Engineer, 911 Systems (Remote) ","Chicago, Illinois, United States",,https://job-boards.greenhouse.io/axon/jobs/7904225003
2026-09-08T21:11:14.495022+00:00,Axon,"Professional Services Engineer, 911 Systems (Remote) ","Washington, District of Columbia, United States",,https://job-boards.greenhouse.io/axon/jobs/7904223003
2026-09-08T21:11:14.495022+00:00,JFrog,Developer Support Engineer (Sunnyvale),"Sunnyvale, California",,https://join.jfrog.com/job/?job=8185302&gh_jid=8185302
2026-09-08T21:11:14.495022+00:00,JFrog,"Solution Engineer, Presales - Public Sector (US Remote)","Remote, US",🇺🇸 US citizenship required 🔒 clearance required,https://join.jfrog.com/job/?job=8185306&gh_jid=8185306
2026-09-08T21:25:09.665317+00:00,Old Mission Capital,Junior Trading Operations/DevOps Engineer,"Chicago, IL, United States",,https://www.oldmissioncapital.com/careers/?gh_jid=7989374003
2026-09-08T23:39:53.814919+00:00,Coinbase,Data Engineer Intern,"Hybrid - San Francisco, CA",,https://www.coinbase.com/careers/positions/8175459?gh_jid=8175459
2026-09-08T23:39:53.814919+00:00,Coinbase,Machine Learning Engineer Intern,"Hybrid - San Francisco, CA",,https://www.coinbase.com/careers/positions/8175441?gh_jid=8175441
2026-09-08T23:39:53.814919+00:00,Coinbase,Software Engineer Intern,"Hybrid - San Francisco, CA",,https://www.coinbase.com/careers/positions/8168315?gh_jid=8168315
2026-09-08T23:39:53.814919+00:00,Coinbase,Software Engineer- Money Movement ,Remote - Canada,,https://www.coinbase.com/careers/positions/8177946?gh_jid=8177946
2026-09-08T23:39:53.814919+00:00,OpenAI,"Control Systems Software Engineer, Robotics",San Francisco,,https://jobs.ashbyhq.com/openai/60573bf4-13ad-4933-aba7-729f428e9f69
2026-09-09T00:16:56.324516+00:00,Okta,"Solutions Engineer, Okta","Bellevue, Washington; Los Angeles, California; Oregon; San Francisco, California",,https://www.okta.com/company/careers/opportunity/7103874?gh_jid=7103874
2026-09-09T00:16:56.324516+00:00,Ramp,"Software Engineer, Forward Deployed","San Francisco, CA",,https://jobs.ashbyhq.com/ramp/9916e9da-7491-4c99-afd1-e4b8158fa58b
2026-09-09T00:16:56.324516+00:00,SpaceX,"New Graduate Engineer, Software (Starship)","Hawthorne, CA",🇺🇸 US citizenship required,https://boards.greenhouse.io/spacex/jobs/8743362002?gh_jid=8743362002
2026-09-09T01:35:25.366010+00:00,OpenAI,"Software Engineer, AI for Chip Design",San Francisco,,https://jobs.ashbyhq.com/openai/56d541d3-02b5-44d8-b40b-4df72cdd0405
2026-09-09T01:35:25.366010+00:00,Salesforce,Software Engineering MTS,Washington - Bellevue,❓ no description,https://salesforce.wd12.myworkdayjobs.com/en-US/External_Career_Site/job/Washington---Bellevue/Software-Engineering-MTS_JR357265
2026-09-09T03:48:04.467370+00:00,Anthropic,"Data Engineer, GTM","San Francisco, CA | New York City, NY",,https://job-boards.greenhouse.io/anthropic/jobs/5418610008
2026-09-09T07:55:48.641498+00:00,Anthropic,"Security Engineer, Offensive Security","San Francisco, CA | New York City, NY",,https://job-boards.greenhouse.io/anthropic/jobs/5418977008
2026-09-09T16:26:19.019703+00:00,Stripe,Abuse Research Engineer,Remote from the US,,https://stripe.com/jobs/search?gh_jid=8172503
2026-09-09T17:50:56.539591+00:00,Adyen,Software Engineer II (Frontend),San Francisco,,https://job-boards.greenhouse.io/adyen/jobs/7582298
2026-09-09T17:50:56.539591+00:00,Axon,Site Reliability Engineer II,"Boston, Massachusetts, United States",🇺🇸 US citizenship required,https://job-boards.greenhouse.io/axon/jobs/7812676003
2026-09-09T17:50:56.539591+00:00,GitLab,"Intermediate Security Engineer, Security Incident Response Team (SIRT)","Remote, Australia",🇺🇸 US citizenship required,https://job-boards.greenhouse.io/gitlab/jobs/8782306002
2026-09-09T17:50:56.539591+00:00,GoDaddy,Software Development Engineer - AI Services,United States,,https://careers.godaddy/jobs?gh_jid=7836109003
2026-09-09T17:50:56.539591+00:00,Improbable,Product Engineer - Bolter,Remote - International,,https://jobs.ashbyhq.com/improbable/f5e52200-8498-4f73-bbcb-5452a34dfa82
2026-09-09T17:50:56.539591+00:00,Instacart,"Software Engineer II, - Ads","Canada - Remote (ON, AB, BC, or NS Only)",,https://instacart.careers/job/?gh_jid=8188987
2026-09-09T17:50:56.539591+00:00,SpaceX,CMM Programmer (Valves) - 2nd Shift,"Hawthorne, CA",🇺🇸 US citizenship required,https://boards.greenhouse.io/spacex/jobs/8788050002?gh_jid=8788050002
2026-09-09T17:50:56.539591+00:00,SpaceX,"Mission Integration Engineer, Special Programs","Hawthorne, CA",🇺🇸 US citizenship required 🔒 clearance required,https://boards.greenhouse.io/spacex/jobs/8783846002?gh_jid=8783846002
2026-09-09T18:28:33.587464+00:00,Anthropic,"Software Engineer, Research Infrastructure","San Francisco, CA | New York City, NY",,https://job-boards.greenhouse.io/anthropic/jobs/5283063008
2026-09-09T18:28:33.587464+00:00,OpenAI,"Android Engineer, ChatGPT Library Team",Seattle,,https://jobs.ashbyhq.com/openai/5a1a0c32-0b82-482a-8149-e6b096c3e732
2026-09-09T18:28:33.587464+00:00,OpenAI,"Quality Engineer, Rack Infrastructure & Site Operations",San Francisco,,https://jobs.ashbyhq.com/openai/b71906c2-51a9-4ad7-a744-2390ccdc1ad8
2026-09-09T20:57:44.926213+00:00,ServiceNow,Software Engineer,"Santa Clara, us",❓ no description,https://api.smartrecruiters.com/v1/companies/servicenow/postings/744000148581229
2026-09-09T20:57:44.926213+00:00,ServiceNow,Software Engineer - AI Developer Products,"San Diego, us",❓ no description,https://api.smartrecruiters.com/v1/companies/servicenow/postings/744000148580489
2026-09-09T21:11:15.539262+00:00,OpenAI,"Physical Design Engineer, Forward Deployed Engineering",San Francisco,,https://jobs.ashbyhq.com/openai/18d65004-a399-4a33-80bc-10f33bff2ed0
2026-09-09T21:11:15.539262+00:00,Roblox,"Software Engineer, Engine Infrastructure","San Mateo, CA, United States",✅ sponsorship offered,https://careers.roblox.com/jobs/8171506?gh_jid=8171506
2026-09-09T21:11:15.539262+00:00,Twilio,"Software Engineer (L2), Identity",Remote - US,,https://job-boards.greenhouse.io/twilio/jobs/8052068
2026-09-09T23:21:27.950842+00:00,Anthropic,"Performance Engineer, Inference Engine","San Francisco, CA | New York City, NY",,https://job-boards.greenhouse.io/anthropic/jobs/5418323008
2026-09-09T23:21:27.950842+00:00,Coinbase,"Software Engineer, Developer Infrastructure",Remote - USA,,https://www.coinbase.com/careers/positions/7991839?gh_jid=7991839
2026-09-10T00:16:47.082329+00:00,Benchling,"Software Engineer, Tools and Automation","San Francisco, CA",,https://jobs.ashbyhq.com/benchling/ba0bcb25-d2e9-4ef6-ada0-dc5f7ea5424e
2026-09-10T00:16:47.082329+00:00,Rocket Lab,Systems Engineering Intern Spring 2027,"Long Beach, CA",🇺🇸 US citizenship required,https://job-boards.greenhouse.io/rocketlab/jobs/7987044003
2026-09-10T00:16:47.082329+00:00,Rocket Lab,Systems Engineering Intern Summer 2027,"Long Beach, CA",🇺🇸 US citizenship required,https://job-boards.greenhouse.io/rocketlab/jobs/7987046003
2026-09-10T01:27:44.309464+00:00,Stripe,Security Engineer ,US Remote ,,https://stripe.com/jobs/search?gh_jid=8174965
2026-09-10T07:19:59.821634+00:00,Epic Games,Backend Services Programmer Intern,"Cary,North Carolina,United States",,https://epicgames.com/careers/jobs/6183293004?gh_jid=6183293004
2026-09-10T07:19:59.821634+00:00,Epic Games,UI Programmer Intern,"Cary,North Carolina,United States",,https://epicgames.com/careers/jobs/6183401004?gh_jid=6183401004
2026-09-10T16:15:48.265843+00:00,Robinhood,"Software Engineer, Tokenization","Menlo Park, CA; New York, NY",,https://boards.greenhouse.io/robinhood/jobs/8189005?t=gh_src=&gh_jid=8189005
2026-09-10T17:43:14.729586+00:00,SpaceX,Security Software Engineer (Starshield),"Hawthorne, CA",🇺🇸 US citizenship required 🔒 clearance required,https://boards.greenhouse.io/spacex/jobs/8795658002?gh_jid=8795658002
2026-09-10T18:17:36.130589+00:00,Roblox,"Technical Developer Specialist, USA (Part-Time Contract) Contract ",Remote,✅ sponsorship offered,https://careers.roblox.com/jobs/8190596?gh_jid=8190596
2026-09-10T20:54:06.341256+00:00,LangChain,Developer Productivity,"San Francisco, CA",,https://jobs.ashbyhq.com/langchain/e725293d-c27b-4a79-959d-19f5618f2f8e
2026-09-10T20:54:06.341256+00:00,Rocket Lab,Business Development & Strategy Engineer - HASTE,"Long Beach, CA",🇺🇸 US citizenship required 🔒 clearance required,https://job-boards.greenhouse.io/rocketlab/jobs/7987128003
2026-09-10T20:54:06.341256+00:00,Rocket Lab,Software Engineer II - Robotics,"Pasadena, CA",🇺🇸 US citizenship required,https://job-boards.greenhouse.io/rocketlab/jobs/7929946003
2026-09-10T20:54:06.341256+00:00,ServiceNow,Software Engineer,"Santa Clara, us",❓ no description,https://api.smartrecruiters.com/v1/companies/servicenow/postings/744000148862459
2026-09-10T20:54:06.341256+00:00,SpaceX,"Software Engineer, Test Engineering and Operations","Hawthorne, CA",🇺🇸 US citizenship required,https://boards.greenhouse.io/spacex/jobs/8796056002?gh_jid=8796056002
2026-09-10T20:54:06.341256+00:00,Tailscale,"Software Engineer, Networking (Dataplane)",Remote (United States),,https://job-boards.greenhouse.io/tailscale/jobs/4732897005
2026-09-10T20:54:06.341256+00:00,Tailscale,"Software Engineer, Networking (Dataplane)",Remote (Canada),,https://job-boards.greenhouse.io/tailscale/jobs/4732874005
2026-09-10T20:59:23.565309+00:00,Cerebras,Software Engineer - Host and Network IO,"Sunnyvale, CA",,https://jobs.ashbyhq.com/cerebras/e62f91e4-3079-45aa-87ff-b848b56c54e6
2026-09-10T23:06:02.976586+00:00,NVIDIA,"Quality Assurance Software Developer Engineer in Test, GeForce GPU","US, CA, Santa Clara",❓ no description,https://nvidia.wd5.myworkdayjobs.com/en-US/NVIDIAExternalCareerSite/job/US-CA-Santa-Clara/Quality-Assurance-Software-Developer-in-Test-Engineer_JR2011328
2026-09-10T23:06:02.976586+00:00,NVIDIA,"System Software Engineer, Calibration - Autonomous Vehicles","US, CA, Santa Clara",❓ no description,https://nvidia.wd5.myworkdayjobs.com/en-US/NVIDIAExternalCareerSite/job/US-CA-Santa-Clara/System-Software-Engineer--Calibration---Autonomous-Vehicles_JR2014856
2026-09-10T23:06:02.976586+00:00,OpenAI,"Full-Stack Software Engineer, Emerging Products",San Francisco,,https://jobs.ashbyhq.com/openai/f7d155c9-06e8-44f0-b2eb-bfa88707f2c1
2026-09-10T23:06:02.976586+00:00,Salesforce,Software Engineering PMTS - Search & Personalization,California - San Francisco,❓ no description,https://salesforce.wd12.myworkdayjobs.com/en-US/External_Career_Site/job/California---San-Francisco/Software-Engineering---Core-Software-Engineering---Software-Engineering-PMTS-2_JR355156-1
2026-09-11T00:12:17.274610+00:00,Reddit,"Backend Engineer, IAM",Remote - United States,,https://job-boards.greenhouse.io/reddit/jobs/8189317
2026-09-11T00:12:17.274610+00:00,Relativity Space,"Software Engineer, Operations","Long Beach, California, United States",,https://boards.greenhouse.io/relativity/jobs/8797381002?gh_jid=8797381002
2026-09-11T01:12:38.528957+00:00,Salesforce,Software Security Engineer (Distributed Systems),California - San Francisco,❓ no description,https://salesforce.wd12.myworkdayjobs.com/en-US/External_Career_Site/job/California---San-Francisco/Senior-Software-Security-Engineering_JR328549
2026-09-11T03:44:11.275029+00:00,OpenAI,"Developer Experience Engineer, Cyber",San Francisco,,https://jobs.ashbyhq.com/openai/708121e8-51ac-4a24-a2ff-bd9889ba5486
2026-09-11T03:44:11.275029+00:00,OpenAI,"Software Engineer, API Frontiers",New York City,,https://jobs.ashbyhq.com/openai/b6a86e39-8059-4ccf-8d33-1bf5bd92fa86
2026-09-11T04:47:01.746925+00:00,Applied Intuition,Forward Deployed Software Engineer,Sunnyvale,🇺🇸 US citizenship required,https://jobs.ashbyhq.com/applied/fc347a26-172c-42e9-86c9-b662d0fbe0c4
2026-09-11T04:47:01.746925+00:00,Cohere,"Software Engineer, Data Infrastructure",United States,,https://jobs.ashbyhq.com/cohere/70313283-6532-450a-8cae-18f9e05a7673
2026-09-11T04:47:01.746925+00:00,Reddit,"Frontend Engineer, Ads",Remote - United States,,https://job-boards.greenhouse.io/reddit/jobs/8194576
2026-09-11T11:24:30.259520+00:00,Sysdig,AI Platform Engineer,San Francisco,,https://jobs.lever.co/sysdig/af80a880-4fec-4744-b26d-ec73c8692b55
2026-09-11T16:19:43.585625+00:00,Salesforce,"Software Engineering, MTS, Security and Network Defense",Washington - Bellevue,❓ no description,https://salesforce.wd12.myworkdayjobs.com/en-US/External_Career_Site/job/Washington---Bellevue/Software-Engineering--MTS--Security-and-Network-Defense_JR359787
2026-09-11T16:31:02.827037+00:00,GitLab,"Distinguished Engineer, Agentic SDLC & Non‑Linear Productivity","Remote, Canada; Remote, Poland; Remote, United Kingdom; Remote, United States",🇺🇸 US citizenship required,https://job-boards.greenhouse.io/gitlab/jobs/8786095002
2026-09-11T16:31:02.827037+00:00,Tailscale,"Backend Engineer, Control Plane",Remote (Canada),,https://job-boards.greenhouse.io/tailscale/jobs/4733177005
2026-09-11T16:31:02.827037+00:00,Tailscale,"Backend Engineer, Control Plane",Remote (United States),,https://job-boards.greenhouse.io/tailscale/jobs/4733183005
2026-09-11T16:31:02.827037+00:00,Tailscale,"Software Engineer, Networking (Edge)",Remote (United States),,https://job-boards.greenhouse.io/tailscale/jobs/4733095005
2026-09-11T16:31:02.827037+00:00,Tailscale,"Software Engineer, Networking (Edge)",Remote (Canada),,https://job-boards.greenhouse.io/tailscale/jobs/4733094005
2026-09-11T18:21:39.900978+00:00,Discord,"Software Engineer, Notifications",San Francisco Bay Area,,https://job-boards.greenhouse.io/discord/jobs/8642213002
2026-09-11T18:21:39.900978+00:00,Lyft,"Software Engineer Intern, Backend (Summer 2027)","San Francisco, CA",,https://app.careerpuck.com/job-board/lyft/job/8767726002?gh_jid=8767726002
2026-09-11T18:21:39.900978+00:00,Lyft,"Software Engineer Intern, Fullstack (Summer 2027)","New York, NY",,https://app.careerpuck.com/job-board/lyft/job/8797837002?gh_jid=8797837002
2026-09-11T18:21:39.900978+00:00,OpenAI,"Android Engineer, ChatGPT ImageGen",San Francisco,,https://jobs.ashbyhq.com/openai/b15442c5-8e3c-4370-9abf-4b9c63f56de0
2026-09-11T18:21:39.900978+00:00,OpenAI,"Backend Software Engineer, ChatGPT ImageGen",San Francisco,,https://jobs.ashbyhq.com/openai/e7a4ee23-138a-4004-916e-72a452e7d115
2026-09-11T20:59:39.610889+00:00,Abnormal Security,Software Engineer II - Insider Risk,"Hybrid - San Francisco, CA, USA",,https://abnormal.ai/careers/jobs/7992780003?gh_jid=7992780003
2026-09-11T20:59:39.610889+00:00,Arista Networks,Intern Software Engineer - C/C++,"Poland - Remote, pl",❓ no description,https://api.smartrecruiters.com/v1/companies/aristanetworks/postings/744000149101159
2026-09-11T20:59:39.610889+00:00,Arista Networks,"Software Engineer, EOS Layer 2 and Network Services","Nashua, us",❓ no description,https://api.smartrecruiters.com/v1/companies/aristanetworks/postings/744000149104754
2026-09-11T20:59:39.610889+00:00,Ramp,"Systems Engineer, Corporate Security","New York, NY (HQ)",,https://jobs.ashbyhq.com/ramp/b3b0875d-cbf2-41ed-bda3-2714c82c4b57
2026-09-11T20:59:39.610889+00:00,SpaceX,"Data Engineer, Ground Network Engineering (Gateway)","Redmond, WA",🇺🇸 US citizenship required,https://boards.greenhouse.io/spacex/jobs/8784022002?gh_jid=8784022002
2026-09-11T21:17:39.550003+00:00,Salesforce,Data Engineer,Washington - Seattle,❓ no description,https://salesforce.wd12.myworkdayjobs.com/en-US/External_Career_Site/job/Washington---Seattle/Data-Engineer_JR358418
2026-09-11T21:17:39.550003+00:00,Salesforce,Site Reliability Operations Engineer,Washington - Seattle,❓ no description,https://salesforce.wd12.myworkdayjobs.com/en-US/External_Career_Site/job/Washington---Seattle/Site-Reliability-Operations-Engineer_JR357769
2026-09-11T21:17:39.550003+00:00,Stripe,"Software Engineer, Online Database Infrastructure","Seattle, WA",,https://stripe.com/jobs/search?gh_jid=8197891
2026-09-11T23:23:07.680571+00:00,Salesforce,Site Reliability Operations Engineer,Washington - Seattle,❓ no description,https://salesforce.wd12.myworkdayjobs.com/en-US/External_Career_Site/job/Washington---Seattle/Site-Reliability-Operations-Engineer_JR357770
2026-09-12T00:19:51.327157+00:00,1Password,"Developer, Web Extension",Remote (United States | Canada),,https://jobs.ashbyhq.com/1password/ec030dda-caff-4579-93ab-c9aa147a0241
2026-09-12T00:19:51.327157+00:00,Affirm,"Software Engineer I, Frontend (Upfunnel)",Remote Canada,,https://job-boards.greenhouse.io/affirm/jobs/7985907003
2026-09-12T00:19:51.327157+00:00,Reddit,"Front End Software Engineer, Media Player",Remote - United States,,https://job-boards.greenhouse.io/reddit/jobs/8198102
2026-09-12T00:19:51.327157+00:00,Rocket Lab,Flight Software Engineer II,"Long Beach, CA",🇺🇸 US citizenship required 🔒 clearance required,https://job-boards.greenhouse.io/rocketlab/jobs/7993343003
2026-09-12T00:19:51.327157+00:00,SmartRent,DevOps Engineer,"Phoenix, Arizona",,https://job-boards.greenhouse.io/smartrent/jobs/6188475004
2026-09-12T00:19:51.327157+00:00,SpaceX,"New Graduate Engineer, Power Generation (Starship)","Starbase, TX",🇺🇸 US citizenship required,https://boards.greenhouse.io/spacex/jobs/8803009002?gh_jid=8803009002
2026-09-12T00:19:51.327157+00:00,SpaceX,"New Graduate Engineer, Security Software (Starshield) ","Hawthorne, CA",🇺🇸 US citizenship required 🔒 clearance required,https://boards.greenhouse.io/spacex/jobs/8802882002?gh_jid=8802882002
2026-09-12T01:33:19.334901+00:00,OpenAI,"Research Engineer, AI for Chip Design",San Francisco,,https://jobs.ashbyhq.com/openai/bd2b8228-bb0f-42e0-94bd-c853cdd56140
2026-09-12T07:10:48.143229+00:00,SpaceX,EDM Programmer (Starlink) - Level 4/5,"Bastrop, TX",🇺🇸 US citizenship required,https://boards.greenhouse.io/spacex/jobs/8802398002?gh_jid=8802398002
2026-09-13T16:20:05.863536+00:00,Elastic,Software Engineer II - Builder Experience - Platform Engineering Productivity,United States,🔒 clearance required,https://jobs.elastic.co/jobs?gh_jid=8154426&gh_jid=8154426
2026-09-14T12:51:21.446401+00:00,Olo,Mobile Software Engineer (Android) - Olo App,"Belfast, Northern Ireland, Remote",,https://jobs.lever.co/olo/0198c715-79ae-47be-a73d-6d4fe4145705
2026-09-14T12:51:21.446401+00:00,Olo,Mobile Software Engineer (iOS) - Olo App,"Belfast, Northern Ireland, Remote",,https://jobs.lever.co/olo/a044d549-a8ed-4b20-8b0f-9ef96bc0d875
2026-09-14T18:00:53.516404+00:00,Datadog,Developer Advocate - Service Management EMEA,"France, Remote",,https://careers.datadoghq.com/detail/8161455/?gh_jid=8161455
2026-09-14T18:00:53.516404+00:00,Figma,Software Engineer Intern (Summer 2027),"San Francisco, CA • New York, NY",,https://boards.greenhouse.io/figma/jobs/6143238004?gh_jid=6143238004
2026-09-14T18:00:53.516404+00:00,Point72,"IT Operations Engineer, End User Computing",San Francisco,,https://boards.greenhouse.io/point72/jobs/8773518002?gh_jid=8773518002
2026-09-14T18:00:53.516404+00:00,Robinhood,"Software Engineering Intern, Android (Summer 2027)","Menlo Park, CA; New York, NY",,https://boards.greenhouse.io/robinhood/jobs/8142961?t=gh_src=&gh_jid=8142961
2026-09-14T18:00:53.516404+00:00,Robinhood,"Software Engineering Intern, Backend (Summer 2027)","Bellevue, WA; Menlo Park, CA; New York, NY",,https://boards.greenhouse.io/robinhood/jobs/8123225?t=gh_src=&gh_jid=8123225
2026-09-14T18:00:53.516404+00:00,Robinhood,"Software Engineering Intern, Web (Summer 2027)","Menlo Park, CA; New York, NY",,https://boards.greenhouse.io/robinhood/jobs/8142963?t=gh_src=&gh_jid=8142963
2026-09-14T18:00:53.516404+00:00,Robinhood,"Software Engineering Intern, iOS (Summer 2027)","Menlo Park, CA; New York, NY",,https://boards.greenhouse.io/robinhood/jobs/8142959?t=gh_src=&gh_jid=8142959
2026-09-14T18:00:53.516404+00:00,Waymo,"2027 Summer Intern, BS/MS, Software Engineer","San Francisco, California",,https://careers.withwaymo.com/jobs?gh_jid=8193731
2026-09-14T19:24:06.439720+00:00,1Password,"Developer, Enterprise Tenants and Policies",Remote (United States | Canada),,https://jobs.ashbyhq.com/1password/b9ff2259-517c-4ec2-b92f-646be8bf12b6
2026-09-14T19:24:06.439720+00:00,Chainguard,Enterprise Sales Engineer - Nordics,Sweden - Remote,,https://job-boards.greenhouse.io/chainguard/jobs/4712470006
2026-09-14T19:24:06.439720+00:00,Cohere,"Software Engineer, Security Agents",United States,,https://jobs.ashbyhq.com/cohere/1b909aeb-1221-476f-88fe-8300a2065975
2026-09-14T19:24:06.439720+00:00,Mixpanel,Marketing Systems Engineer,"San Francisco, US (Hybrid)",,https://job-boards.greenhouse.io/mixpanel/jobs/8194551
2026-09-14T19:24:06.439720+00:00,Mixpanel,Marketing Systems Engineer,"New York City, US (Hybrid)",,https://job-boards.greenhouse.io/mixpanel/jobs/8201470
2026-09-14T19:24:06.439720+00:00,Nextdoor,Software Engineer - Fullstack,"San Francisco, CA",,https://about.nextdoor.com/careers-list/?gh_jid=8198165
2026-09-14T19:24:06.439720+00:00,Nextdoor,Software Engineer - Fullstack,"New York, NY",,https://about.nextdoor.com/careers-list/?gh_jid=8198186
2026-09-14T19:24:06.439720+00:00,Nextdoor,Software Engineer - Fullstack,"Dallas, TX",,https://about.nextdoor.com/careers-list/?gh_jid=8198185
2026-09-14T19:24:06.439720+00:00,Nextdoor,Software Engineer - Fullstack,US Remote,,https://about.nextdoor.com/careers-list/?gh_jid=8198189
2026-09-14T19:24:06.439720+00:00,ServiceNow,Software Engineer,"West Palm Beach, us",❓ no description,https://api.smartrecruiters.com/v1/companies/servicenow/postings/744000149338366
2026-09-14T19:24:06.439720+00:00,ServiceNow,Sr Software Engineer,"Santa Clara, us",❓ no description,https://api.smartrecruiters.com/v1/companies/servicenow/postings/744000149345688
2026-09-14T19:24:06.439720+00:00,SingleStore,Software Engineer Intern,United States,✅ sponsorship offered,https://job-boards.greenhouse.io/singlestore/jobs/8154399
2026-09-14T19:24:06.439720+00:00,Supabase,"Platform Engineer, Edge & Networking","Remote, Global",,https://jobs.ashbyhq.com/supabase/6c9de03c-e289-4612-9045-492985d0274b
2026-09-14T19:24:06.439720+00:00,Tailscale,"Analytics Engineer, Data",Remote (United States),,https://job-boards.greenhouse.io/tailscale/jobs/4721289005
2026-09-14T19:24:06.439720+00:00,Tailscale,"Analytics Engineer, Data",Remote (Canada),,https://job-boards.greenhouse.io/tailscale/jobs/4721252005
2026-09-14T19:48:49.924967+00:00,OpenAI,"AI Infrastructure Engineer, pAGI",San Francisco,,https://jobs.ashbyhq.com/openai/b2250643-bfd0-4ce6-abbf-cb7e8c8123ba
2026-09-14T23:03:57.879029+00:00,OpenAI,"Software Engineer, Applied Emerging Talent (2027)",San Francisco,,https://jobs.ashbyhq.com/openai/55150071-fce8-48f5-aea4-14ed78b83511
2026-09-14T23:03:57.879029+00:00,Robinhood,"Android Engineer, Social","Menlo Park, CA; New York, NY",,https://boards.greenhouse.io/robinhood/jobs/8202874?t=gh_src=&gh_jid=8202874
2026-09-14T23:03:57.879029+00:00,Stripe,"Software Engineer, Backend","Seattle, WA",,https://stripe.com/jobs/search?gh_jid=8198280
2026-09-14T23:03:57.879029+00:00,Stripe,"Software Engineer, High Availability and Disaster Recovery","Seattle, WA",,https://stripe.com/jobs/search?gh_jid=8197135
2026-09-14T23:03:57.879029+00:00,Stripe,"Software Engineer, Payins Card Networks","Seattle, WA",,https://stripe.com/jobs/search?gh_jid=8198207
2026-09-14T23:03:57.879029+00:00,Waymo,"2027 Summer Intern, BS/MS, Software Engineering, Commercialization","Mountain View, California, United States; San Francisco, California, United States",,https://careers.withwaymo.com/jobs?gh_jid=8198218
2026-09-14T23:09:15.095479+00:00,Arista Networks,Network Systems Engineer (Pre Sales) - Trading Platforms,"Chicago, us",❓ no description,https://api.smartrecruiters.com/v1/companies/aristanetworks/postings/744000149421437
2026-09-14T23:09:15.095479+00:00,Axon,Sr Software Engineer II,"Seattle, Washington, United States",,https://job-boards.greenhouse.io/axon/jobs/7994913003
2026-09-14T23:09:15.095479+00:00,SpaceX,"Supplier Development Engineer, SMT (Starlink)","Bastrop, TX",🇺🇸 US citizenship required,https://boards.greenhouse.io/spacex/jobs/8802686002?gh_jid=8802686002
2026-09-15T01:34:41.662130+00:00,Anthropic,Recruiting Analytics Data Engineer ,"New York City, NY; San Francisco, CA | New York City, NY | Seattle, WA; Seattle, WA",,https://job-boards.greenhouse.io/anthropic/jobs/5424111008
2026-09-15T01:34:41.662130+00:00,NVIDIA,Deep Learning Product Research Engineer,"US, CA, Santa Clara",❓ no description,https://nvidia.wd5.myworkdayjobs.com/en-US/NVIDIAExternalCareerSite/job/US-CA-Santa-Clara/Deep-Learning-Product-Research-Engineer_JR2019482
2026-09-15T04:01:41.565193+00:00,Databricks,Specialist Solutions Architect - Data Engineering (Healthcare & Life Sciences),United States,,https://databricks.com/company/careers/open-positions/job?gh_jid=8717331002
2026-09-15T04:57:11.672881+00:00,LangChain,"Deployed Engineer, Professional Services (APAC)",Remote - Singapore,,https://jobs.ashbyhq.com/langchain/0ee73994-b8a3-4a75-9675-da536abd3e10
2026-09-15T04:57:11.672881+00:00,SpaceX,"Network Engineer, AI Infrastructure (Starshield)","Redmond, WA",🇺🇸 US citizenship required 🔒 clearance required,https://boards.greenhouse.io/spacex/jobs/8808184002?gh_jid=8808184002
2026-09-15T04:57:11.672881+00:00,SpaceX,"Network Engineer, AI Infrastructure (Starshield)","Hawthorne, CA",🇺🇸 US citizenship required 🔒 clearance required,https://boards.greenhouse.io/spacex/jobs/8808150002?gh_jid=8808150002
2026-09-15T04:57:11.672881+00:00,SpaceX,"Site Reliability Engineer, AI Infrastructure (Starshield)","Redmond, WA",🇺🇸 US citizenship required 🔒 clearance required,https://boards.greenhouse.io/spacex/jobs/8807795002?gh_jid=8807795002
2026-09-15T04:57:11.672881+00:00,SpaceX,"Site Reliability Engineer, AI Infrastructure (Starshield)","Hawthorne, CA",🇺🇸 US citizenship required 🔒 clearance required,https://boards.greenhouse.io/spacex/jobs/8807493002?gh_jid=8807493002
2026-09-15T08:26:44.449599+00:00,OpenAI,"Software Engineer, Healthcare",San Francisco,,https://jobs.ashbyhq.com/openai/4923fd3e-acf2-4551-91ad-5a92ca81455b
2026-09-15T16:47:13.885942+00:00,Cerebras,"Software Engineer, Kernel Reliability",United States and Canada,,https://jobs.ashbyhq.com/cerebras/8cb78937-ac30-4ab2-98d0-680228ea5e6f
2026-09-15T16:47:13.885942+00:00,IMC Trading,Software Engineer – BP&A,"Chicago, United States",,https://job-boards.eu.greenhouse.io/imc/jobs/4976923101
2026-09-15T17:01:56.610703+00:00,Axon,Copy of Mission Engineer - Chicago,"Chicago, Illinois, United States",🇺🇸 US citizenship required,https://job-boards.greenhouse.io/axon/jobs/7995776003
2026-09-15T17:01:56.610703+00:00,Duolingo,"Software Engineer, Intern","New York, NY; Pittsburgh, PA; Seattle, WA",,https://careers.duolingo.com/jobs/8805925002?gh_jid=8805925002
2026-09-15T17:01:56.610703+00:00,SpaceX,"GNC Engineer, ADCS (Starshield) ","Hawthorne, CA",🇺🇸 US citizenship required 🔒 clearance required,https://boards.greenhouse.io/spacex/jobs/8397623002?gh_jid=8397623002
2026-09-15T21:23:45.624438+00:00,Applied Intuition,"Software Integration Engineer, Self-Driving",Sunnyvale,🇺🇸 US citizenship required,https://jobs.ashbyhq.com/applied/e1779868-337b-46df-96e0-fd7202fe4297
2026-09-15T21:23:45.624438+00:00,Rocket Lab,Systems Engineer I,"Long Beach, CA",🇺🇸 US citizenship required,https://job-boards.greenhouse.io/rocketlab/jobs/7996430003
2026-09-15T21:23:45.624438+00:00,Rocket Lab,Systems Engineer II,"Long Beach, CA",🇺🇸 US citizenship required,https://job-boards.greenhouse.io/rocketlab/jobs/7996445003
2026-09-15T21:23:45.624438+00:00,SpaceX,"Software Engineer, C++ - Top Secret Clearance ","Hawthorne, CA",🇺🇸 US citizenship required 🔒 clearance required,https://boards.greenhouse.io/spacex/jobs/8377056002?gh_jid=8377056002
2026-09-15T21:23:45.624438+00:00,Spotify,"Backend Engineer, Mimir, Personalization","New York, NY",,https://jobs.lever.co/spotify/318f73b5-6a78-49c7-b625-ecb1481042b9
2026-09-15T21:23:45.624438+00:00,Truveta,Software Engineer - Analytical Platform Services,"Seattle, WA",ℹ️ no H-1B sponsorship (OPT still fine),https://job-boards.greenhouse.io/truveta/jobs/6193466004
2026-09-15T22:04:35.628869+00:00,Anthropic,"Salesforce Developer, Partnerships","San Francisco, CA | New York City, NY",,https://job-boards.greenhouse.io/anthropic/jobs/5420994008
2026-09-15T22:04:35.628869+00:00,Discord,"Software Engineer, Distributed Systems",San Francisco Bay Area,,https://job-boards.greenhouse.io/discord/jobs/8806163002
2026-09-16T00:23:30.014967+00:00,Applied Intuition,Software Engineer - Calibration Platform,Sunnyvale,🇺🇸 US citizenship required,https://jobs.ashbyhq.com/applied/ef03d63c-eb77-4a71-b299-de55f74ac94b
2026-09-16T00:23:30.014967+00:00,Lucid Motors,"Simulation and Development Engineer, Body Controls   ","Phoenix, AZ",,https://lucidmotors.com/careers/search/5215442007?gh_jid=5215442007
2026-09-16T00:23:30.014967+00:00,SingleStore,Software Engineer Intern,United States,✅ sponsorship offered,https://job-boards.greenhouse.io/singlestore/jobs/8205514
2026-09-16T00:23:30.014967+00:00,SingleStore,Software Engineer-New Grad 2027,United States,,https://job-boards.greenhouse.io/singlestore/jobs/8205427
2026-09-16T00:23:30.014967+00:00,SingleStore,Software Engineer-New Grad 2027,United States,,https://job-boards.greenhouse.io/singlestore/jobs/8205389
2026-09-16T00:23:30.014967+00:00,SpaceX,"Software Engineer, Internal Applications","Hawthorne, CA",🇺🇸 US citizenship required,https://boards.greenhouse.io/spacex/jobs/8812137002?gh_jid=8812137002
2026-09-16T00:23:30.014967+00:00,Substack,Full Stack Software Engineer - Enterprise,San Francisco (HQ),,https://jobs.ashbyhq.com/substack/6c70c3bb-e722-4689-bc9d-cc44136358b5
2026-09-16T00:23:30.014967+00:00,Substack,iOS Engineer - Sponsorships,New York,,https://jobs.ashbyhq.com/substack/9fcedb9d-8cf3-498e-a22f-acbfa39ebbb1
2026-09-16T00:30:39.451168+00:00,NVIDIA,"System Software Engineer, NPI Data Center Diagnostics","US, CA, Santa Clara",❓ no description,https://nvidia.wd5.myworkdayjobs.com/en-US/NVIDIAExternalCareerSite/job/US-CA-Santa-Clara/System-Software-Engineer--NPI-Data-Center-Diagnostics_JR2025370
2026-09-16T00:30:39.451168+00:00,Twilio,Machine Learning Engineer L2,Remote - US,,https://job-boards.greenhouse.io/twilio/jobs/8178588
2026-09-16T03:59:09.026016+00:00,NVIDIA,"Modeling Engineer, Supply Chain Optimization","US, CA, Santa Clara",❓ no description,https://nvidia.wd5.myworkdayjobs.com/en-US/NVIDIAExternalCareerSite/job/US-CA-Santa-Clara/Modeling-Engineer--Supply-Chain-Optimization_JR2025602
2026-09-16T07:43:04.796395+00:00,Abnormal Security,Software Engineer - Backend - Behavioral Security Products,Remote - UK,,https://abnormal.ai/careers/jobs/7995027003?gh_jid=7995027003
2026-09-16T13:31:30.308660+00:00,Olo,Software Engineer - Menu,"Belfast, Northern Ireland, Remote",,https://jobs.lever.co/olo/b99735b6-0538-43e6-ac6e-5fdb4f961fad
2026-09-16T16:40:14.874018+00:00,Anthropic,"IT Operations Engineer, Asset Management","San Francisco, CA | New York City, NY",,https://job-boards.greenhouse.io/anthropic/jobs/5423737008
2026-09-16T16:40:14.874018+00:00,Anthropic,"Software Engineer, Tokens and Prompt Structures","San Francisco, CA | New York City, NY",,https://job-boards.greenhouse.io/anthropic/jobs/5421263008
2026-09-16T16:40:14.874018+00:00,Coinbase,Software Engineer,Remote - Canada,,https://www.coinbase.com/careers/positions/8207374?gh_jid=8207374
2026-09-16T16:40:14.874018+00:00,NVIDIA,"Software DevOps Engineer, Networking","US, CA, Santa Clara",❓ no description,https://nvidia.wd5.myworkdayjobs.com/en-US/NVIDIAExternalCareerSite/job/US-CA-Santa-Clara/Software-DevOps-Engineer--Networking_JR2025882
2026-09-16T16:40:14.874018+00:00,Roblox,"Software Engineer, Discovery UX","San Mateo, CA, United States",✅ sponsorship offered,https://careers.roblox.com/jobs/8168383?gh_jid=8168383
2026-09-16T16:40:14.874018+00:00,Waymo,"2027 Summer Intern, MS/PhD, Software Engineer","Mountain View, California, USA",,https://careers.withwaymo.com/jobs?gh_jid=8202801
2026-09-16T18:12:35.767320+00:00,Abnormal Security,Machine Learning Engineer II - Behavioral Security Products,Remote - UK,,https://abnormal.ai/careers/jobs/7995019003?gh_jid=7995019003
2026-09-16T18:12:35.767320+00:00,Figure AI,"Software Engineer, Service & Operations","San Jose, CA",,https://job-boards.greenhouse.io/figureai/jobs/4713838006
2026-09-16T18:12:35.767320+00:00,Pure Storage,Applied AI Engineer,"Remote, United States",,https://job-boards.greenhouse.io/purestorage/jobs/7644129
2026-09-16T18:12:35.767320+00:00,Vercel,"Software Engineer, Platform ","Hybrid - San Francisco, New York City",,https://job-boards.greenhouse.io/vercel/jobs/6195280004
2026-09-16T18:48:11.952085+00:00,Notion,"Software Engineer, User Database Infrastructure","San Francisco, California",,https://jobs.ashbyhq.com/notion/ead663e3-3eb2-4e0e-97e5-86820062dd68
2026-09-16T21:23:24.418468+00:00,Axon,Site Reliability Engineer II,"Boston, Massachusetts, United States",,https://job-boards.greenhouse.io/axon/jobs/7997565003
2026-09-16T21:23:24.418468+00:00,Axon,Site Reliability Engineer II,"Washington, United States",,https://job-boards.greenhouse.io/axon/jobs/7612111003
2026-09-16T21:23:24.418468+00:00,Axon,Sr Machine Learning Engineer II,"Seattle, Washington, United States",,https://job-boards.greenhouse.io/axon/jobs/7788918003
2026-09-16T21:23:24.418468+00:00,Persona,"Software Engineer, Intern (Summer 2027) ",San Francisco,,https://jobs.ashbyhq.com/persona/eb77c97c-fa9d-4bf0-9566-e5ba4453b7d3
2026-09-16T21:23:24.418468+00:00,Reddit,"Software Engineer, Consumer Engineering",Remote - United States,,https://job-boards.greenhouse.io/reddit/jobs/8172457
2026-09-16T21:23:24.418468+00:00,Ro,"Analytics Engineer, Conversational Analytics","New York, NY",,https://jobs.lever.co/ro/3910baa9-f961-4380-ad0a-01deec07f7a2
2026-09-16T21:23:24.418468+00:00,SpaceX,"IT Network Infrastructure Engineer, Data Centers","Starbase, TX",🇺🇸 US citizenship required,https://boards.greenhouse.io/spacex/jobs/8814943002?gh_jid=8814943002
2026-09-16T21:23:24.418468+00:00,SpaceX,"IT Network Infrastructure Engineer, Outside Plant","Starbase, TX",🇺🇸 US citizenship required,https://boards.greenhouse.io/spacex/jobs/8815068002?gh_jid=8815068002
2026-09-16T22:02:32.263255+00:00,Anthropic,"Copywriter, Developer","San Francisco, CA | New York City, NY",,https://job-boards.greenhouse.io/anthropic/jobs/5423931008
2026-09-16T22:02:32.263255+00:00,Brex,"Software Engineer II, Backend","San Francisco, California, United States",,https://www.brex.com/careers/8815438002?gh_jid=8815438002
2026-09-16T22:02:32.263255+00:00,Brex,"Software Engineer II, Backend","New York, New York, United States",,https://www.brex.com/careers/8815443002?gh_jid=8815443002
2026-09-16T22:02:32.263255+00:00,Twilio,"Software Engineer Intern (January 12th start, 23 weeks) ",Remote - India,,https://job-boards.greenhouse.io/twilio/jobs/8190889
2026-09-16T22:02:32.263255+00:00,Waymo,"2027 Summer Intern, PhD, Quantitative Software Engineer","Mountain View, California, United States | San Francisco, California, United States",,https://careers.withwaymo.com/jobs?gh_jid=8197554
2026-09-17T00:39:22.781488+00:00,OpenAI,"Software Engineer, Compute Foundations",San Francisco,,https://jobs.ashbyhq.com/openai/40f2f959-20f8-40ca-8b8c-154b6774193a
2026-09-17T04:05:48.690175+00:00,Waymo,"2027 Summer Intern, BS/MS, Software Engineering, Maneuvering Tech","San Francisco, California",,https://careers.withwaymo.com/jobs?gh_jid=8203200
2026-09-17T18:16:16.469894+00:00,Astranis,Software Engineer - Vehicle Test,"San Francisco, CA",🇺🇸 US citizenship required,https://job-boards.greenhouse.io/astranis/jobs/4714019006
2026-09-17T18:16:16.469894+00:00,Gen Digital,Full Stack Software Engineer,"USA - Mountain View, CA",,https://jobs.ashbyhq.com/gen-digital/fbee3ce9-bf9c-4e4e-92b7-96ae3bccf60c
2026-09-17T18:16:16.469894+00:00,Reddit,"Front End Software Engineer, Consumer Engineering",Remote - United States,,https://job-boards.greenhouse.io/reddit/jobs/8147559
2026-09-17T18:16:16.469894+00:00,Rocket Lab,Systems Engineering Intern Summer 2027,"Pasadena, CA",🇺🇸 US citizenship required,https://job-boards.greenhouse.io/rocketlab/jobs/7990138003
2026-09-17T18:16:16.469894+00:00,ServiceNow,Software Engineer,"Santa Clara, us",❓ no description,https://api.smartrecruiters.com/v1/companies/servicenow/postings/744000150174794
2026-09-17T18:16:16.469894+00:00,ServiceNow,Software Engineer,"Santa Clara, us",❓ no description,https://api.smartrecruiters.com/v1/companies/servicenow/postings/744000150174644
2026-09-17T22:03:48.677402+00:00,Salesforce,Systems Engineering Engineer,California - San Francisco,❓ no description,https://salesforce.wd12.myworkdayjobs.com/en-US/External_Career_Site/job/California---San-Francisco/Systems-Engineering-Engineer_JR355290
2026-09-17T22:51:56.028293+00:00,Arista Networks,FedRAMP Site Reliability Engineer (FedSRE) - CloudVision,"Remote, us",❓ no description,https://api.smartrecruiters.com/v1/companies/aristanetworks/postings/744000150196345
2026-09-17T22:51:56.028293+00:00,Axon,Software Engineer II,"Seattle, Washington, United States",,https://job-boards.greenhouse.io/axon/jobs/7640573003
2026-09-17T22:51:56.028293+00:00,Axon,Software Engineer II,"Sterling, Virginia, United States",,https://job-boards.greenhouse.io/axon/jobs/6288464003
2026-09-17T22:51:56.028293+00:00,LaunchDarkly,Product Security Engineer,Remote - US West,,https://job-boards.greenhouse.io/launchdarkly/jobs/7998757003
2026-09-17T22:51:56.028293+00:00,New Relic,Associate Software Engineer- Infrastructure,"Atlanta, Georgia, USA; Charleston, South Carolina, USA; Charlotte, North Carolina, USA; Chicago, Illinois, USA; Columbus, Ohio, USA; Dallas, Texas, USA; Denver, Colorado, USA; Detroit, Michigan, USA; Houston, Texas, USA; Indianapolis, Indiana, USA; Las Vegas, Nevada, USA; Madison, Wisconsin, USA; Orlando, Florida, USA; Phoenix, Arizona, USA; Pittsburgh, Pennsylvania, USA; Portland, Oregon, USA; Salt Lake City, Utah, USA; St. Louis, Missouri, USA",ℹ️ no H-1B sponsorship (OPT still fine),https://job-boards.greenhouse.io/newrelic/jobs/5294386008
2026-09-17T22:51:56.028293+00:00,Rocket Lab,Systems Engineering Intern Summer 2027,"Tucson, AZ",🇺🇸 US citizenship required,https://job-boards.greenhouse.io/rocketlab/jobs/7990270003
2026-09-17T22:51:56.028293+00:00,Vercel,"Software Engineer, Agentic Infrastructure","Hybrid - San Francisco, New York City",,https://job-boards.greenhouse.io/vercel/jobs/6199608004
2026-09-18T00:28:52.831825+00:00,Salesforce,Software Engineering MTS,Washington - Bellevue,❓ no description,https://salesforce.wd12.myworkdayjobs.com/en-US/External_Career_Site/job/Washington---Bellevue/Software-Engineering-MTS_JR355208-1
2026-09-18T00:28:52.831825+00:00,Stripe,"Software Engineer, Early Career — Immediate Start","San Francisco, Seattle, New York",,https://stripe.com/jobs/search?gh_jid=8212508
2026-09-18T04:46:33.569670+00:00,Figure AI,Security Engineer - Infrastructure Security,"San Jose, CA",,https://job-boards.greenhouse.io/figureai/jobs/4714381006
2026-09-18T04:46:33.569670+00:00,Figure AI,"Security Engineer, Enterprise Security","San Jose, CA",,https://job-boards.greenhouse.io/figureai/jobs/4714390006
2026-09-18T04:46:33.569670+00:00,Grafana Labs,"Solutions Engineer, Acquisition | West Coast | Remote",United States (Remote),,https://job-boards.greenhouse.io/grafanalabs/jobs/6199208004
2026-09-18T04:46:33.569670+00:00,SpaceX,"Welding Automation Engineer, Chamber and Nozzle (Raptor)","Hawthorne, CA",🇺🇸 US citizenship required,https://boards.greenhouse.io/spacex/jobs/8817992002?gh_jid=8817992002
2026-09-18T16:15:34.090869+00:00,Samsara,"Software Engineer I, External Platform EMEA (Poland, Remote)",Remote - Poland,,https://www.samsara.com/company/careers/roles/8210695?gh_jid=8210695
2026-09-18T16:15:34.090869+00:00,Together AI,Software Engineer Intern (Summer 2027),San Francisco,,https://job-boards.greenhouse.io/togetherai/jobs/5232036007
2026-09-18T16:15:34.090869+00:00,Together AI,Software Engineer Intern (Winter 2027),San Francisco,,https://job-boards.greenhouse.io/togetherai/jobs/5238031007
2026-09-18T16:15:34.090869+00:00,Together AI,"Software Engineer, New Grad (2027)",San Francisco,,https://job-boards.greenhouse.io/togetherai/jobs/5211582007
2026-09-18T16:15:34.090869+00:00,Together AI,Systems Research Engineer Intern - GPU Programming (Summer 2027),San Francisco,,https://job-boards.greenhouse.io/togetherai/jobs/5238460007
2026-09-18T16:15:34.090869+00:00,Together AI,Systems Research Engineer Intern - GPU Programming (Winter 2027),San Francisco,,https://job-boards.greenhouse.io/togetherai/jobs/5238411007
2026-09-18T16:26:08.401012+00:00,Abnormal Security,Enterprise Sales Engineer - TOLA,Remote - USA,,https://abnormal.ai/careers/jobs/7998225003?gh_jid=7998225003
2026-09-18T16:26:08.401012+00:00,Applied Intuition,Autonomy Integration Engineer - Drone Stack,Sunnyvale,🇺🇸 US citizenship required 🔒 clearance required,https://jobs.ashbyhq.com/applied/00eaa332-f855-4963-886c-909ac78bce6d
2026-09-18T16:26:08.401012+00:00,Relativity Space,Sr Systems Engineer,"Long Beach, California, United States",,https://boards.greenhouse.io/relativity/jobs/8817449002?gh_jid=8817449002
2026-09-18T16:26:08.401012+00:00,Temporal,"Software Engineer, Cloud Enablement ",United States (Remote),,https://jobs.ashbyhq.com/temporal/7b63cf37-2bdb-462c-858c-473167563623
2026-09-18T16:26:08.401012+00:00,Thumbtack,"Full-Stack Engineer, AI Platform","Remote, United States",🇺🇸 US citizenship required,https://jobs.ashbyhq.com/thumbtack/f8e13e37-c559-49e1-9b52-5871ce5cf2ae
2026-09-18T16:26:08.401012+00:00,Thumbtack,"Full-Stack Engineer, AI Platform","Remote, Ontario",🇺🇸 US citizenship required,https://jobs.ashbyhq.com/thumbtack/a642325b-bda0-4279-b285-455168f19e70
2026-09-18T18:16:55.739335+00:00,Waymo,"Machine Learning Engineer, Perception","Mountain View, CA, USA; San Francisco, CA, USA",,https://careers.withwaymo.com/jobs?gh_jid=8212478
2026-09-18T20:56:06.729413+00:00,Gemini,Software Engineering Intern (Winter 2027),"New York, New York",,https://boards.greenhouse.io/embed/job_app?for=gemini&token=8214272&gh_jid=8214272
2026-09-18T20:56:06.729413+00:00,ServiceNow,Software Engineer,"Santa Clara, us",❓ no description,https://api.smartrecruiters.com/v1/companies/servicenow/postings/744000150444020
2026-09-18T20:56:06.729413+00:00,SpaceX,"Automation and Controls Engineer, Gateways (Starlink)","Bastrop, TX",🇺🇸 US citizenship required,https://boards.greenhouse.io/spacex/jobs/8814584002?gh_jid=8814584002
2026-09-18T20:56:06.729413+00:00,Toast,"Software Engineer I, Websites",Remote - USA,,https://careers.toasttab.com/jobs?gh_jid=8191751
2026-09-18T20:56:06.729413+00:00,Twitch,"Software Engineer, Data Platform","Seattle, WA",,https://job-boards.greenhouse.io/twitch/jobs/8821382002
2026-09-18T20:56:06.729413+00:00,Twitch,"Software Engineer, Data Platform","San Francisco, CA",,https://job-boards.greenhouse.io/twitch/jobs/8817023002
2026-09-18T21:01:12.745026+00:00,Airbnb,"Business Systems Engineer, Tech Foundations","San Francisco, CA",,https://careers.airbnb.com/positions/8214444?gh_jid=8214444
2026-09-18T21:01:12.745026+00:00,Old Mission Capital,C++ Software Engineer - Research Infrastructure ,"Chicago, IL, United States",,https://www.oldmissioncapital.com/careers/?gh_jid=6107903003
2026-09-18T23:23:04.592733+00:00,Lyft,"Backend Software Engineer, Airports","San Francisco, CA",,https://app.careerpuck.com/job-board/lyft/job/8806570002?gh_jid=8806570002
2026-09-18T23:23:04.592733+00:00,Waymo,"2027 Summer Intern, MS/PhD, Software Engineer, Multiverse","Mountain View, California, USA",,https://careers.withwaymo.com/jobs?gh_jid=8214519
2026-09-19T00:22:46.918642+00:00,Epic Games,Tools Programmer Intern,"Cary,North Carolina,United States",,https://epicgames.com/careers/jobs/6200355004?gh_jid=6200355004
2026-09-19T00:22:46.918642+00:00,Plaid,Security Engineer - Platform Security,Seattle Office,🇺🇸 US citizenship required,https://jobs.ashbyhq.com/plaid/bc64da24-0699-4611-8e62-49ffafe2a3e9
2026-09-19T00:22:46.918642+00:00,Poshmark,"Software Engineer II, Cloud Platform",US California (Redwood City) - Office,,https://jobs.ashbyhq.com/poshmark/22fe890a-5c2c-4133-a91c-2e82348bc5d8
2026-09-19T00:22:46.918642+00:00,Poshmark,"Software Engineer II, Machine Learning",US California (Redwood City) - Office,,https://jobs.ashbyhq.com/poshmark/29f36dfd-7d52-4dac-a257-9e197d390775
2026-09-19T00:22:46.918642+00:00,Reddit,"Software Engineer, Ingestion Platform",Remote - United States,,https://job-boards.greenhouse.io/reddit/jobs/8214910
2026-09-19T00:22:46.918642+00:00,SpaceX,Software Engineer,"Starbase, TX",🇺🇸 US citizenship required,https://boards.greenhouse.io/spacex/jobs/8822280002?gh_jid=8822280002
2026-09-19T07:21:37.856285+00:00,Pinterest,"Software Engineer II, Data Analytics & Engineering","San Francisco, CA, US; Remote, US",,https://www.pinterestcareers.com/jobs/?gh_jid=8213988
2026-09-20T00:09:36.755027+00:00,Relativity Space,Software Engineer I,"Long Beach, California, United States",,https://boards.greenhouse.io/relativity/jobs/8747134002?gh_jid=8747134002
2026-09-20T23:09:15.807099+00:00,Twilio,"Software Engineer Intern (January 12th start, 23 weeks) ",Remote - India,,https://job-boards.greenhouse.io/twilio/jobs/8190887
2026-09-21T01:14:41.637910+00:00,NVIDIA,System Software Engineer - CUDA Chips,"US, CA, Santa Clara",❓ no description,https://nvidia.wd5.myworkdayjobs.com/en-US/NVIDIAExternalCareerSite/job/US-CA-Santa-Clara/System-Software-Engineer---CUDA-Chips_JR2026249-1
2026-09-21T04:58:51.867659+00:00,Tailscale,"Backend Engineer, Control Plane",Remote (United Kingdom),,https://job-boards.greenhouse.io/tailscale/jobs/4734570005
2026-09-21T08:39:25.151408+00:00,Anthropic,"Software Engineer, Beneficial Deployments ","San Francisco, CA | New York City, NY",🇺🇸 US citizenship required,https://job-boards.greenhouse.io/anthropic/jobs/4942024008
2026-09-21T12:51:58.067413+00:00,Mercury,Software Engineering Intern - Spring 2027,"San Francisco, CA, New York, NY, Portland, OR, or Remote within Canada or United States",,https://job-boards.greenhouse.io/mercury/jobs/6199367004
2026-09-21T18:09:16.982320+00:00,Cerebras,Distributed Systems Security Engineer ,"Sunnyvale, CA",,https://jobs.ashbyhq.com/cerebras/ce441c5a-5c03-465a-8447-2bf1fdabf370
2026-09-21T18:09:16.982320+00:00,Cerebras,Software Supply Chain Security Engineer,"Sunnyvale, CA",,https://jobs.ashbyhq.com/cerebras/e46c1d18-14b2-4b13-a5f9-1de10f401a2e
2026-09-21T18:09:16.982320+00:00,Datadog,Developer Advocate - Service Management EMEA,"Portugal, Remote",,https://careers.datadoghq.com/detail/8220473/?gh_jid=8220473
2026-09-21T18:09:16.982320+00:00,Notion,"Software Engineer, Data Platform (Foundations Lead)","San Francisco, California",,https://jobs.ashbyhq.com/notion/e9bf7ffa-9cf2-4360-a2e4-e9fa66859927
2026-09-21T18:09:16.982320+00:00,OpenAI,"Software Engineer, Plugin Ecosystem",San Francisco,,https://jobs.ashbyhq.com/openai/e42305bf-2266-4dff-82ad-42be7ddac495
2026-09-21T18:09:16.982320+00:00,Snowflake,Data Engineering Solutions Specialist ,"US, Remote",,https://jobs.ashbyhq.com/snowflake/ecd08904-f188-4336-bf8c-f75f97df1a02
2026-09-21T18:09:16.982320+00:00,Stripe,"Machine Learning Engineer, Link",New York City ,,https://stripe.com/jobs/search?gh_jid=8197886
2026-09-21T18:09:16.982320+00:00,Zscaler,Insider Risk Security Engineer,Remote - USA,🇺🇸 US citizenship required,https://job-boards.greenhouse.io/zscaler/jobs/5208421007
2026-09-21T19:30:04.805592+00:00,Applied Intuition,Full-Stack Software Engineer -  Command & Control,Sunnyvale,🇺🇸 US citizenship required 🔒 clearance required,https://jobs.ashbyhq.com/applied/f4c0ee25-b4d4-4f3d-b054-e9c1aeb56104
2026-09-21T19:30:04.805592+00:00,Applied Intuition,Robot Infrastructure Engineer - Collection Tooling,Sunnyvale,🇺🇸 US citizenship required,https://jobs.ashbyhq.com/applied/932de549-2882-4c0d-aeca-b4a8ef5f1f41
2026-09-21T19:30:04.805592+00:00,Applied Intuition,Robot Learning Engineer - Manipulation,Sunnyvale,🇺🇸 US citizenship required,https://jobs.ashbyhq.com/applied/ef7fb9ed-e254-4b90-aef2-efa9c30e7cd8
2026-09-21T19:30:04.805592+00:00,Applied Intuition,Software Engineer - Real-Time Vehicle Telemetry & Visualization,Sunnyvale,🇺🇸 US citizenship required 🔒 clearance required,https://jobs.ashbyhq.com/applied/99e36fcf-c027-403b-a926-8b73b6b9e2a6
2026-09-21T19:30:04.805592+00:00,Bugcrowd,Application Security Engineer,Remote - Brazil,,https://boards.greenhouse.io/bugcrowd/jobs/8157940?gh_jid=8157940
2026-09-21T19:30:04.805592+00:00,Dropbox,"Infrastructure Software Engineer, Metadata Services",Remote - Poland,,https://jobs.dropbox.com/listing/8090048?gh_jid=8090048
2026-09-21T19:30:04.805592+00:00,ServiceNow,Sr Software Engineer,"San Diego, us",❓ no description,https://api.smartrecruiters.com/v1/companies/servicenow/postings/744000150739520
2026-09-21T19:30:04.805592+00:00,SingleStore,MIT- Software Engineer Intern |Helios|,United States,,https://job-boards.greenhouse.io/singlestore/jobs/8220948
2026-09-21T19:30:04.805592+00:00,SingleStore,MIT- Software Engineer Intern |Helios|,United States,,https://job-boards.greenhouse.io/singlestore/jobs/8220941
2026-09-21T19:56:11.258567+00:00,Discord,"Software Engineer, Safety Processing",San Francisco Bay Area or Remote (U.S.),,https://job-boards.greenhouse.io/discord/jobs/8823881002
2026-09-21T19:56:11.258567+00:00,NVIDIA,"Distinguished Engineer, Security Architecture  - DGX Cloud","US, WA, Remote",❓ no description,https://nvidia.wd5.myworkdayjobs.com/en-US/NVIDIAExternalCareerSite/job/US-WA-Remote/Distinguished-Engineer--Security-Architecture----DGX-Cloud_JR2026131
2026-09-21T19:56:11.258567+00:00,OpenAI,"Machine Learning Engineer, Monetization AI/ML",San Francisco,,https://jobs.ashbyhq.com/openai/80f9f564-d789-47bc-91c3-3babf5a1a33d
2026-09-21T19:56:11.258567+00:00,OpenAI,"Operating Systems Engineer, Connectivity & Networking | Consumer Devices",San Francisco,,https://jobs.ashbyhq.com/openai/c5f39beb-dc8a-4f43-a156-28754d306f64
2026-09-21T19:56:11.258567+00:00,OpenAI,"Operating Systems Engineer, Linux Kernel | Consumer Devices",San Francisco,,https://jobs.ashbyhq.com/openai/f0529a1d-fb6a-4229-a590-8caff1785bb3
2026-09-21T19:56:11.258567+00:00,OpenAI,"Operating Systems Engineer, On-Device Inference | Consumer Devices",San Francisco,,https://jobs.ashbyhq.com/openai/4a9774e2-6505-4cc2-92eb-22a8450aacdc
2026-09-21T23:11:15.189044+00:00,Figma,Data Platform Engineer,"San Francisco, CA • New York, NY • United States",,https://boards.greenhouse.io/figma/jobs/6201407004?gh_jid=6201407004
2026-09-21T23:11:15.189044+00:00,NVIDIA,"Compiler Engineer, Agentic Compilation Systems - New College Grad 2027","US, CA, Santa Clara",❓ no description,https://nvidia.wd5.myworkdayjobs.com/en-US/NVIDIAExternalCareerSite/job/US-CA-Santa-Clara/Compiler-Engineer--Agentic-Compilation-Systems---New-College-Grad-2027_JR2026218
2026-09-21T23:11:15.189044+00:00,OpenAI,"Partner Solutions Engineer, Ads Solutions - San Francisco",San Francisco,,https://jobs.ashbyhq.com/openai/6628eb95-ede3-49ab-a11f-3d5c44b16bbb
2026-09-21T23:11:15.189044+00:00,OpenAI,"Solutions Engineer, Ads Solutions - San Francisco",San Francisco,,https://jobs.ashbyhq.com/openai/d3d17f29-fbaf-4697-a6ed-aaa0055ecc5c
2026-09-21T23:11:15.189044+00:00,Waymo,"2027 Summer Intern, BS/MS, Embedded, Software Engineer","Mountain View, CA, USA",,https://careers.withwaymo.com/jobs?gh_jid=8221198
2026-09-21T23:11:15.189044+00:00,Waymo,"2027 Summer Intern, MS/PhD, Software Engineer, Simulation Evaluation ML Model","Mountain View, California, USA",,https://careers.withwaymo.com/jobs?gh_jid=8221795
2026-09-21T23:11:15.189044+00:00,Waymo,"2027 Summer Intern, MS/PhD, Software/ML Engineer, Simulation","Mountain View, California, USA",,https://careers.withwaymo.com/jobs?gh_jid=8221851
2026-09-21T23:18:55.553814+00:00,Abnormal Security,Software Engineer I - Data Platforms,Remote - USA,,https://abnormal.ai/careers/jobs/8000334003?gh_jid=8000334003
2026-09-21T23:18:55.553814+00:00,Elastic,Fullstack Software Engineer II - Admin UX - Platform Applications,United States,🔒 clearance required,https://jobs.elastic.co/jobs?gh_jid=8077634&gh_jid=8077634
2026-09-21T23:18:55.553814+00:00,Ramp,"Software Engineer, Frontend, Growth","New York, NY (HQ)",,https://jobs.ashbyhq.com/ramp/7cd46077-05fe-4cd7-816f-5528638342f1
2026-09-21T23:18:55.553814+00:00,Sardine,"Forward Deployed Engineer, Integrations ",United States / Canada,,https://jobs.ashbyhq.com/sardine/5a6411d4-455f-48d5-a282-7bec2bec3494
2026-09-21T23:18:55.553814+00:00,ServiceNow,Software Engineer - Applicant Tracking Systems,"West Palm Beach, us",❓ no description,https://api.smartrecruiters.com/v1/companies/servicenow/postings/744000150776289
2026-09-21T23:18:55.553814+00:00,SingleStore,MIT- Software Engineer Intern | Engine,"San Francisco, CA, United States ",,https://job-boards.greenhouse.io/singlestore/jobs/8221924
2026-09-21T23:18:55.553814+00:00,SingleStore,MIT- Software Engineer Intern | Engine,United States,,https://job-boards.greenhouse.io/singlestore/jobs/8220919
2026-09-21T23:18:55.553814+00:00,SingleStore,MIT-Software Engineer-New Grad |Engine|,United States,,https://job-boards.greenhouse.io/singlestore/jobs/8220863
2026-09-21T23:18:55.553814+00:00,SingleStore,MIT-Software Engineer-New Grad |Helios|,United States,,https://job-boards.greenhouse.io/singlestore/jobs/8220882
2026-09-21T23:18:55.553814+00:00,Western Digital,Probe Software Engineer,"San Jose, us",❓ no description,https://api.smartrecruiters.com/v1/companies/westerndigital/postings/744000150782469
2026-09-22T03:59:20.922733+00:00,NVIDIA,"Data Application Engineer, Enterprise Data Management","US, CA, Santa Clara",❓ no description,https://nvidia.wd5.myworkdayjobs.com/en-US/NVIDIAExternalCareerSite/job/US-CA-Santa-Clara/Data-Application-Engineer--Enterprise-Data-Management_JR2024551
2026-09-22T04:59:32.231551+00:00,Epic Games,Engine Programmer Intern,"Cary,North Carolina,United States",,https://epicgames.com/careers/jobs/6202659004?gh_jid=6202659004
2026-09-22T04:59:32.231551+00:00,Insitro,"Full Stack Software Engineer, Lab Platform (LIMS)","South San Francisco, CA",,https://jobs.ashbyhq.com/insitro/0bff19c6-e165-4be7-a32a-6beeffb51ffa
2026-09-22T04:59:32.231551+00:00,SpaceX,"Full Stack Engineer, Launch Software","Hawthorne, CA",🇺🇸 US citizenship required,https://boards.greenhouse.io/spacex/jobs/8829698002?gh_jid=8829698002
2026-09-22T04:59:32.231551+00:00,SpaceX,"Network Engineer, AI Infrastructure (Starshield)","Palo Alto, CA",🇺🇸 US citizenship required 🔒 clearance required,https://boards.greenhouse.io/spacex/jobs/8829675002?gh_jid=8829675002
2026-09-22T04:59:32.231551+00:00,SpaceX,Simulation Software Engineer (Vehicle Engineering) ,"Hawthorne, CA",🇺🇸 US citizenship required,https://boards.greenhouse.io/spacex/jobs/8829312002?gh_jid=8829312002
2026-09-22T04:59:32.231551+00:00,SpaceX,"Site Reliability Engineer, AI Infrastructure (Starshield)","Palo Alto, CA",🇺🇸 US citizenship required 🔒 clearance required,https://boards.greenhouse.io/spacex/jobs/8829681002?gh_jid=8829681002
2026-09-22T04:59:32.231551+00:00,SpaceX,"Software Engineer, C++ (Simulations) ","Hawthorne, CA",🇺🇸 US citizenship required,https://boards.greenhouse.io/spacex/jobs/8829309002?gh_jid=8829309002
2026-09-22T04:59:32.231551+00:00,SpaceX,"Software Engineer, Simulations (Vehicle Engineering) ","Hawthorne, CA",🇺🇸 US citizenship required,https://boards.greenhouse.io/spacex/jobs/8829307002?gh_jid=8829307002
2026-09-22T11:41:59.589640+00:00,Bugcrowd,Application Security Engineer,Remote - Brazil,,https://boards.greenhouse.io/bugcrowd/jobs/8211988?gh_jid=8211988
2026-09-22T16:45:30.165468+00:00,NVIDIA,"Technical Marketing Engineer, World Models - AV Physical AI","US, CA, Santa Clara",❓ no description,https://nvidia.wd5.myworkdayjobs.com/en-US/NVIDIAExternalCareerSite/job/US-CA-Santa-Clara/Technical-Marketing-Engineer--World-Models---AV-Physical-AI_JR2011362
2026-09-22T16:45:30.165468+00:00,Stripe,"Design Engineer, Expansion","US, Canada",,https://stripe.com/jobs/search?gh_jid=8212314
2026-09-22T16:59:02.773949+00:00,Arista Networks,"Software Engineer, EOS Layer 2 and Network Services","Nashua, us",❓ no description,https://api.smartrecruiters.com/v1/companies/aristanetworks/postings/744000151028412
2026-09-22T16:59:02.773949+00:00,Asana,"Software Engineer, AI Teammates Experience",San Francisco,,https://www.asana.com/jobs/apply/8155344?gh_jid=8155344
2026-09-22T21:21:26.116835+00:00,Applied Intuition,"Technical Sourcer, Gen SWE",Sunnyvale,🇺🇸 US citizenship required,https://jobs.ashbyhq.com/applied/e10dc74a-12f8-42a3-94db-cf7e7ace9f61
2026-09-22T21:21:26.116835+00:00,Dropbox,Data Engineer,Remote - US: Select locations,,https://jobs.dropbox.com/listing/8211529?gh_jid=8211529
2026-09-22T21:21:26.116835+00:00,Dropbox,Data Engineer,Remote - Canada: Select locations,,https://jobs.dropbox.com/listing/8211532?gh_jid=8211532
2026-09-22T21:21:26.116835+00:00,SpaceX,"AI Engineer, Platform Infrastructure, Special Programs","Palo Alto, CA",🇺🇸 US citizenship required 🔒 clearance required,https://boards.greenhouse.io/spacex/jobs/8557110002?gh_jid=8557110002
2026-09-22T21:21:26.116835+00:00,WorkOS,Data Engineer,United States & Canada,,https://jobs.ashbyhq.com/workos/26377b4d-b392-4fd7-b813-10c2920299f9
2026-09-22T21:57:46.059420+00:00,NVIDIA,Applied Machine Learning Engineer - AI for VLSI Design,"US, CA, Santa Clara",❓ no description,https://nvidia.wd5.myworkdayjobs.com/en-US/NVIDIAExternalCareerSite/job/US-CA-Santa-Clara/Applied-Machine-Learning-Engineer---AI-for-VLSI-Design_JR2025689
2026-09-22T21:57:46.059420+00:00,Nuro,Embedded Software Engineer,"Mountain View, California (HQ)",,https://nuro.ai/careersitem?gh_jid=8180955
2026-09-22T21:57:46.059420+00:00,OpenAI,"Fullstack Software Engineer, Child Safety Tools & Systems",San Francisco,,https://jobs.ashbyhq.com/openai/ac442f1f-c0d2-4608-a155-bfc89190e01c
2026-09-22T21:57:46.059420+00:00,Salesforce,"Chief Builder, Distinguished Solution Engineer, Maestro",Missouri - Remote,❓ no description,https://salesforce.wd12.myworkdayjobs.com/en-US/External_Career_Site/job/Missouri---Remote/Chief-Builder--Distinguished-Solution-Engineer--Maestro_JR360275-1
2026-09-22T21:57:46.059420+00:00,Salesforce,"GTM Engineer, Maestro",California - San Francisco,❓ no description,https://salesforce.wd12.myworkdayjobs.com/en-US/External_Career_Site/job/California---San-Francisco/GTM-Engineer--Maestro_JR361092
2026-09-22T21:57:46.059420+00:00,Snowflake,Software Engineer- Openflow,US-CA-Menlo Park,,https://jobs.ashbyhq.com/snowflake/ab0abd7e-7e3f-4f1e-bca0-297765ed6425
2026-09-22T21:57:46.059420+00:00,Waymo,"2027 Summer Intern, MS/PhD, Machine Learning Engineer","San Francisco, CA, USA",,https://careers.withwaymo.com/jobs?gh_jid=8223735
2026-09-23T00:20:31.513724+00:00,Waymo,"2027 Summer Intern, MS/PhD, Machine Learning Engineer - Simulator Realism Evaluation","San Francisco, California, United States",,https://careers.withwaymo.com/jobs?gh_jid=8214350
2026-09-23T00:35:55.536088+00:00,Abnormal Security,Software Engineer 1 - Data Platforms,Remote - USA,,https://abnormal.ai/careers/jobs/8001641003?gh_jid=8001641003
2026-09-23T00:35:55.536088+00:00,Applied Intuition,Software Engineer - Control Center,Sunnyvale,🇺🇸 US citizenship required,https://jobs.ashbyhq.com/applied/f55422c0-c807-4f35-935e-4ce089d926d7
2026-09-23T00:35:55.536088+00:00,Astranis,Software Engineer - Enterprise Systems Intern (Summer 2027),"San Francisco, CA",🇺🇸 US citizenship required,https://job-boards.greenhouse.io/astranis/jobs/4705610006
2026-09-23T00:35:55.536088+00:00,Astranis,Software Engineer Backend Intern (Summer 2027),"San Francisco, CA",🇺🇸 US citizenship required,https://job-boards.greenhouse.io/astranis/jobs/4705214006
2026-09-23T00:35:55.536088+00:00,Relativity Space,Full Stack Software Engineer I,"Long Beach, California, United States",,https://boards.greenhouse.io/relativity/jobs/8834005002?gh_jid=8834005002
2026-09-23T00:35:55.536088+00:00,Relativity Space,Full Stack Software Engineer II,"Long Beach, California, United States",,https://boards.greenhouse.io/relativity/jobs/8834015002?gh_jid=8834015002
2026-09-23T00:35:55.536088+00:00,SpaceX,"Environmental Engineer, Compliance/Air Programs","Starbase, TX",🇺🇸 US citizenship required,https://boards.greenhouse.io/spacex/jobs/8829347002?gh_jid=8829347002
2026-09-23T00:35:55.536088+00:00,SpaceX,"Machine Maintenance Engineer, Tool & Die ","Bastrop, TX",🇺🇸 US citizenship required,https://boards.greenhouse.io/spacex/jobs/8829632002?gh_jid=8829632002
2026-09-23T00:35:55.536088+00:00,Vercel,"Software Engineer, Workflows","Hybrid - San Francisco, New York City",,https://job-boards.greenhouse.io/vercel/jobs/6206023004
2026-09-23T08:20:45.185429+00:00,Anthropic,"Software Engineer, Labs","San Francisco, CA | New York City, NY | Seattle, WA",,https://job-boards.greenhouse.io/anthropic/jobs/5017202008
2026-09-23T16:41:48.393122+00:00,Stripe,"Integration Engineer, Professional Services",United States,,https://stripe.com/jobs/search?gh_jid=8203973
2026-09-23T18:25:07.543704+00:00,Scale AI,"Software Engineer, Public Sector - New Grad","San Francisco, CA",,https://job-boards.greenhouse.io/scaleai/jobs/4736426005
2026-09-23T18:25:07.543704+00:00,SpaceX,Full Stack Software Engineer,"Starbase, TX",🇺🇸 US citizenship required,https://boards.greenhouse.io/spacex/jobs/8837547002?gh_jid=8837547002
2026-09-23T18:25:07.543704+00:00,SpaceX,Site Reliability Engineer (High Performance Computing) ,"Hawthorne, CA",🇺🇸 US citizenship required 🔒 clearance required,https://boards.greenhouse.io/spacex/jobs/8831632002?gh_jid=8831632002
2026-09-23T18:25:07.543704+00:00,WorkOS,Product Security Engineer,United States & Canada,,https://jobs.ashbyhq.com/workos/31b8c9a3-149c-491f-8bec-cbb5f18d575b
2026-09-23T18:25:07.543704+00:00,WorkOS,Software Engineer - Infrastructure Security,United States & Canada,,https://jobs.ashbyhq.com/workos/ffba59a1-cead-4231-bd2d-a24649c6a3b9
2026-09-23T22:12:29.088696+00:00,Airbnb,"Software Engineer, Application Platform",United States,,https://careers.airbnb.com/positions/8227620?gh_jid=8227620
2026-09-23T22:12:29.088696+00:00,Figma,Data Engineer Intern (2027),"San Francisco, CA • New York, NY",,https://boards.greenhouse.io/figma/jobs/6178851004?gh_jid=6178851004
2026-09-23T22:12:29.088696+00:00,Nuro,"Software Engineer, Performance Tooling and Infrastructure New Grad","Mountain View, California (HQ)",,https://nuro.ai/careersitem?gh_jid=8227399
2026-09-23T22:12:29.088696+00:00,Waymo,"2027 Summer Intern, MS/PhD, Road Understanding, ML Engineer ","Mountain View, California",,https://careers.withwaymo.com/jobs?gh_jid=8224746
2026-09-23T22:12:29.088696+00:00,Waymo,"2027 Summer Intern, MS/PhD, Software Engineer","Mountain View, California",,https://careers.withwaymo.com/jobs?gh_jid=8224729
2026-09-23T22:58:04.114384+00:00,Betterment,"Security Engineer, Detect & Respond ",Betterment HQ - New York City,,https://www.betterment.com/careers/current-openings/job?gh_jid=8211928&gh_jid=8211928
2026-09-23T22:58:04.114384+00:00,Block,"Software Engineer, Privacy Engineering","Bay Area, CA, United States of America",,http://block.xyz/careers/jobs/5418586008?gh_jid=5418586008
2026-09-23T22:58:04.114384+00:00,SeatGeek,Software Engineer - Internship,"New York, New York",🇺🇸 US citizenship required,https://seatgeek.com/jobs/8227553?gh_jid=8227553
2026-09-23T22:58:04.114384+00:00,SeatGeek,Software Engineer - New Grad,"New York, New York",🇺🇸 US citizenship required,https://seatgeek.com/jobs/8227548?gh_jid=8227548
2026-09-23T22:58:04.114384+00:00,SpaceX,Full Stack Software Engineer (Components),"Hawthorne, CA",🇺🇸 US citizenship required,https://boards.greenhouse.io/spacex/jobs/8839057002?gh_jid=8839057002
2026-09-23T22:58:04.114384+00:00,SpaceX,"Supplier Development Engineer, Harnessing (Starlink)","Redmond, WA",🇺🇸 US citizenship required,https://boards.greenhouse.io/spacex/jobs/8834233002?gh_jid=8834233002
2026-09-23T22:58:04.114384+00:00,SpaceX,"Supplier Development Engineer, PCBA (Starlink)","Redmond, WA",🇺🇸 US citizenship required,https://boards.greenhouse.io/spacex/jobs/8834213002?gh_jid=8834213002
2026-09-23T22:58:04.114384+00:00,SpaceX,"Supplier Development Engineer, Silicon & Packaging (Starlink) ","Redmond, WA",🇺🇸 US citizenship required,https://boards.greenhouse.io/spacex/jobs/8834217002?gh_jid=8834217002
2026-09-24T00:35:43.924311+00:00,Notion,"Software Engineer, Model Capabilities","San Francisco, California",,https://jobs.ashbyhq.com/notion/ab383335-1dd5-4d6a-971f-439cebf48a9d
2026-09-24T00:35:43.924311+00:00,Waymo,"System Safety Engineer, Strategic Programs & Integration","Mountain View, CA, USA, Kirkland, WA, USA",,https://careers.withwaymo.com/jobs?gh_jid=8213774
2026-09-24T03:50:32.474985+00:00,Roblox,"Software Engineer, Data Access","San Mateo, CA, United States",✅ sponsorship offered,https://careers.roblox.com/jobs/8168881?gh_jid=8168881
2026-09-24T04:54:29.715366+00:00,Abnormal Security,Software Engineer II - Critical Email Products,Remote - Singapore,,https://abnormal.ai/careers/jobs/8003034003?gh_jid=8003034003
2026-09-24T04:54:29.715366+00:00,Ramp,"Software Engineer Internship, Frontend","New York, NY (HQ)",,https://jobs.ashbyhq.com/ramp/a13ae586-f4cb-4385-8822-c42b9b54ed74
2026-09-24T04:54:29.715366+00:00,Ramp,"Software Engineering Intern, Android","New York, NY (HQ)",,https://jobs.ashbyhq.com/ramp/fcf118cc-521a-4a62-9d13-945e5b6e3cb8
2026-09-24T04:54:29.715366+00:00,Ramp,"Software Engineering Intern, Backend","New York, NY (HQ)",,https://jobs.ashbyhq.com/ramp/acf6b28d-767f-483f-8ff2-114620cd7e04
2026-09-24T04:54:29.715366+00:00,Ramp,"Software Engineering Intern, iOS","New York, NY (HQ)",,https://jobs.ashbyhq.com/ramp/b66be397-240b-41a6-9b05-493299b270a9
2026-09-24T11:49:11.870737+00:00,Olo,Software Engineer - BrandX,"Belfast, Northern Ireland, Remote",,https://jobs.lever.co/olo/335fcd0d-e95d-4373-92a0-c6acc3d87275
2026-09-24T16:59:15.579876+00:00,Datadog,Software Engineer with Systems Depth,"New York, New York, USA",🇺🇸 US citizenship required,https://careers.datadoghq.com/detail/4452918/?gh_jid=4452918
2026-09-24T17:14:03.974848+00:00,Affirm,"Software Engineer II, Backend (Identity Decisioning)",Remote US,,https://job-boards.greenhouse.io/affirm/jobs/7985860003
2026-09-24T17:14:03.974848+00:00,Affirm,"Software Engineer II, Backend (Identity Decisioning)",Remote Canada,,https://job-boards.greenhouse.io/affirm/jobs/7985862003
2026-09-24T17:14:03.974848+00:00,Flatiron Health,Software Engineer,NY office ,,https://flatiron.com/careers/open-positions/job?gh_jid=8123090
2026-09-24T17:14:03.974848+00:00,New Relic,Software Engineer - Container Fabric,"Portland, Oregon, USA",ℹ️ no H-1B sponsorship (OPT still fine),https://job-boards.greenhouse.io/newrelic/jobs/5431953008
2026-09-24T18:59:37.965931+00:00,Waymo,"2027 Summer Intern, PhD, Software Engineer, Simulation","Mountain View, CA, USA",,https://careers.withwaymo.com/jobs?gh_jid=8227640
2026-09-24T21:33:02.050283+00:00,Astranis,"Software Developer, Network Software Associate (Summer 2027)",San Francisco,🇺🇸 US citizenship required,https://job-boards.greenhouse.io/astranis/jobs/4705615006
2026-09-24T21:33:02.050283+00:00,Astranis,"Software Developer, Network Software Associate (Winter 2027)",San Francisco,🇺🇸 US citizenship required,https://job-boards.greenhouse.io/astranis/jobs/4705617006
2026-09-24T21:33:02.050283+00:00,Astranis,"Software Developer, Network Software Intern (Summer 2027)",San Francisco,🇺🇸 US citizenship required,https://job-boards.greenhouse.io/astranis/jobs/4705597006
2026-09-24T21:33:02.050283+00:00,Astranis,"Software Developer, Network Software Intern (Winter 2027)",San Francisco,🇺🇸 US citizenship required,https://job-boards.greenhouse.io/astranis/jobs/4705599006
2026-09-24T21:33:02.050283+00:00,Axon,Site Reliability Engineer II,"Washington, United States",,https://job-boards.greenhouse.io/axon/jobs/7612070003
2026-09-24T21:33:02.050283+00:00,Bill.com,CXO AI Engineer,United States,,https://www.bill.com/job?6123309004&gh_jid=6123309004
2026-09-24T21:33:02.050283+00:00,SingleStore,Software Engineer | Observability ,United States,,https://job-boards.greenhouse.io/singlestore/jobs/8185163
2026-09-24T21:33:02.050283+00:00,SpaceX,"Environmental Health & Safety Engineer, Contractor Management","Starbase, TX",🇺🇸 US citizenship required,https://boards.greenhouse.io/spacex/jobs/8838083002?gh_jid=8838083002
2026-09-24T21:33:02.050283+00:00,SpaceX,"Environmental Health & Safety Engineer, Contractor Management","Bastrop, TX",🇺🇸 US citizenship required,https://boards.greenhouse.io/spacex/jobs/8838078002?gh_jid=8838078002
2026-09-24T21:33:02.050283+00:00,SpaceX,"Environmental Health & Safety Engineer, Contractor Management","Hawthorne, CA",🇺🇸 US citizenship required,https://boards.greenhouse.io/spacex/jobs/8838073002?gh_jid=8838073002
2026-09-24T21:33:02.050283+00:00,SpaceX,"Environmental Health & Safety Engineer, Contractor Management","McGregor, TX",🇺🇸 US citizenship required,https://boards.greenhouse.io/spacex/jobs/8838032002?gh_jid=8838032002
2026-09-24T21:33:02.050283+00:00,SpaceX,Software Engineer (Components),"Hawthorne, CA",🇺🇸 US citizenship required,https://boards.greenhouse.io/spacex/jobs/8842775002?gh_jid=8842775002
2026-09-24T21:33:02.050283+00:00,Spotify,Security Engineer - Detection and Response,"New York, NY",,https://jobs.lever.co/spotify/cb29d857-395b-401d-9749-367e666ff870
2026-09-24T21:33:02.050283+00:00,Vercel,"Software Engineer, Scheduled Tasks",Hybrid - San Francisco,,https://job-boards.greenhouse.io/vercel/jobs/6207796004
2026-09-24T22:17:56.555101+00:00,Cerebras,ERP Engineer - Business Systems,"Sunnyvale, CA",,https://jobs.ashbyhq.com/cerebras/61cb76d6-0e5f-43d1-ad2e-a282a84e0d21
2026-09-24T22:17:56.555101+00:00,Notion,"Software Engineer Intern, Mobile (Winter 2027)","San Francisco, California",,https://jobs.ashbyhq.com/notion/2b587e66-deac-421a-a824-9415ba78b5a7
2026-09-24T22:17:56.555101+00:00,OpenAI,Dedicated Support Engineer - San Francisco,San Francisco,,https://jobs.ashbyhq.com/openai/2348230a-295f-434d-9b16-653e01ddbd0b
2026-09-24T22:17:56.555101+00:00,OpenAI,"Machine Learning Engineer, Core Experimentation",Seattle,,https://jobs.ashbyhq.com/openai/9d4d2727-27f3-4a63-857c-a96466130645
2026-09-25T00:34:09.664808+00:00,Asana,Software Engineer,San Francisco,,https://www.asana.com/jobs/apply/8078102?gh_jid=8078102
2026-09-25T00:34:09.664808+00:00,GitLab,"Backend Engineer, Create: Repository Management","Remote, United Kingdom",🇺🇸 US citizenship required,https://job-boards.greenhouse.io/gitlab/jobs/8843512002
2026-09-25T00:34:09.664808+00:00,GitLab,"Backend Engineer, Create: Source Code Experience (Ruby)   ","Remote, Canada",🇺🇸 US citizenship required,https://job-boards.greenhouse.io/gitlab/jobs/8687926002
2026-09-25T00:34:09.664808+00:00,SpaceX,Application Software Engineer (AI Data Engineering),"Hawthorne, CA",🇺🇸 US citizenship required,https://boards.greenhouse.io/spacex/jobs/8843640002?gh_jid=8843640002
2026-09-25T00:34:09.664808+00:00,Yext,Software Engineer,"New York, NY",,https://job-boards.greenhouse.io/yext/jobs/8224109
